selector,rank,feature,importance,outer_fold
Mutual_Information_19,1,tcp.dstport,1.4142234958757167,1
Mutual_Information_19,2,tcp.srcport,1.3614780937813888,1
Mutual_Information_19,3,tcp.ack,1.326534599681175,1
Mutual_Information_19,4,tcp.seq,1.0326546172729025,1
Mutual_Information_19,5,tcp.ack_raw,0.9841175758335021,1
Mutual_Information_19,6,tcp.flags,0.8043057317489501,1
Mutual_Information_19,7,http.request.version,0.7147154150399473,1
Mutual_Information_19,8,http.request.method,0.7046682838020328,1
Mutual_Information_19,9,tcp.len,0.6870011202385418,1
Mutual_Information_19,10,http.referer,0.49781664136659254,1
Mutual_Information_19,11,tcp.checksum,0.442475458077384,1
Mutual_Information_19,12,mqtt.conack.flags,0.43537113462754107,1
Mutual_Information_19,13,mqtt.protoname,0.43101786834503075,1
Mutual_Information_19,14,mqtt.topic,0.4302855364984288,1
Mutual_Information_19,15,udp.stream,0.3102712046652849,1
Mutual_Information_19,16,icmp.checksum,0.302073842849198,1
Mutual_Information_19,17,tcp.flags.ack,0.30127468083977993,1
Mutual_Information_19,18,icmp.seq_le,0.2969423391304953,1
Mutual_Information_19,19,http.content_length,0.17935120371700375,1
Mutual_Information_19,20,tcp.connection.syn,0.10264224170211111,1
Mutual_Information_19,21,tcp.connection.rst,0.09098635320737758,1
Mutual_Information_19,22,http.response,0.07191419278064881,1
Mutual_Information_19,23,mqtt.hdrflags,0.06246696150130582,1
Mutual_Information_19,24,mqtt.msgtype,0.05925904279882621,1
Mutual_Information_19,25,tcp.connection.fin,0.045491523140106516,1
Mutual_Information_19,26,mqtt.len,0.044529325232733896,1
Mutual_Information_19,27,dns.qry.name,0.02860926589733337,1
Mutual_Information_19,28,tcp.connection.synack,0.026073487224153258,1
Mutual_Information_19,29,mqtt.conflag.cleansess,0.019415396087007153,1
Mutual_Information_19,30,udp.time_delta,0.016698943291183266,1
Mutual_Information_19,31,mqtt.proto_len,0.014967568663834196,1
Mutual_Information_19,32,mqtt.ver,0.014959501139709008,1
Mutual_Information_19,33,mqtt.topic_len,0.014899307201648782,1
Mutual_Information_19,34,mqtt.conflags,0.014583986053075648,1
Mutual_Information_19,35,arp.hw.size,0.014055102943099307,1
Mutual_Information_19,36,arp.opcode,0.013861858014453166,1
Mutual_Information_19,37,udp.port,0.013401016626803486,1
Mutual_Information_19,38,dns.qry.qu,0.010565117664668833,1
Mutual_Information_19,39,dns.qry.name.len,0.009276127279733704,1
Mutual_Information_19,40,dns.retransmit_request,0.0017041443645395837,1
Mutual_Information_19,41,icmp.transmit_timestamp,0.0016117425263977303,1
Mutual_Information_19,42,dns.retransmission,0.0,1
Random_Forest_Importance_19,1,tcp.srcport,0.11883947328298443,1
Random_Forest_Importance_19,2,tcp.ack,0.10438913286811491,1
Random_Forest_Importance_19,3,tcp.dstport,0.10275395493964708,1
Random_Forest_Importance_19,4,http.referer,0.07472236868762215,1
Random_Forest_Importance_19,5,tcp.len,0.07075692843444087,1
Random_Forest_Importance_19,6,tcp.seq,0.06298686964151369,1
Random_Forest_Importance_19,7,icmp.seq_le,0.056915295050969185,1
Random_Forest_Importance_19,8,udp.stream,0.04693874933703263,1
Random_Forest_Importance_19,9,http.request.version,0.043791826103176675,1
Random_Forest_Importance_19,10,http.request.method,0.03920958634161185,1
Random_Forest_Importance_19,11,tcp.ack_raw,0.03580287661524934,1
Random_Forest_Importance_19,12,tcp.flags,0.03318357947448944,1
Random_Forest_Importance_19,13,tcp.checksum,0.025234271267190394,1
Random_Forest_Importance_19,14,mqtt.topic,0.02376359568742354,1
Random_Forest_Importance_19,15,icmp.checksum,0.023592631564060954,1
Random_Forest_Importance_19,16,mqtt.conack.flags,0.02327148811160507,1
Random_Forest_Importance_19,17,mqtt.protoname,0.02061663834954602,1
Random_Forest_Importance_19,18,udp.port,0.016106775038397497,1
Random_Forest_Importance_19,19,udp.time_delta,0.014276617954806343,1
Random_Forest_Importance_19,20,http.content_length,0.014022158733626269,1
Random_Forest_Importance_19,21,tcp.connection.rst,0.014021298415756882,1
Random_Forest_Importance_19,22,tcp.connection.syn,0.007811287223659467,1
Random_Forest_Importance_19,23,tcp.flags.ack,0.006134937026073065,1
Random_Forest_Importance_19,24,http.response,0.0038700008364166427,1
Random_Forest_Importance_19,25,dns.qry.name,0.002784423286771489,1
Random_Forest_Importance_19,26,icmp.transmit_timestamp,0.001781596908860828,1
Random_Forest_Importance_19,27,arp.opcode,0.0017666274918387607,1
Random_Forest_Importance_19,28,dns.qry.qu,0.0016860559400392813,1
Random_Forest_Importance_19,29,arp.hw.size,0.0016774339525314481,1
Random_Forest_Importance_19,30,tcp.connection.fin,0.001612141697301681,1
Random_Forest_Importance_19,31,dns.qry.name.len,0.0014856204100758463,1
Random_Forest_Importance_19,32,tcp.connection.synack,0.0011856118195118354,1
Random_Forest_Importance_19,33,mqtt.hdrflags,0.0009373196874956646,1
Random_Forest_Importance_19,34,mqtt.len,0.000687395793236101,1
Random_Forest_Importance_19,35,mqtt.msgtype,0.0005945017556890493,1
Random_Forest_Importance_19,36,mqtt.topic_len,0.0002666203303061287,1
Random_Forest_Importance_19,37,mqtt.conflags,0.0001793124513048481,1
Random_Forest_Importance_19,38,mqtt.ver,0.00011271010704848432,1
Random_Forest_Importance_19,39,mqtt.conflag.cleansess,0.00011263692726458715,1
Random_Forest_Importance_19,40,mqtt.proto_len,0.00011112473205521797,1
Random_Forest_Importance_19,41,dns.retransmission,6.1883631773809036e-06,1
Random_Forest_Importance_19,42,dns.retransmit_request,3.373600770433715e-07,1
Mutual_Information_19,1,tcp.dstport,1.4115415525413617,2
Mutual_Information_19,2,tcp.srcport,1.3660739678037146,2
Mutual_Information_19,3,tcp.ack,1.3270319546038998,2
Mutual_Information_19,4,tcp.seq,1.0321900120749916,2
Mutual_Information_19,5,tcp.ack_raw,0.9822110392434928,2
Mutual_Information_19,6,tcp.flags,0.8012443659405615,2
Mutual_Information_19,7,http.request.version,0.7158147097914282,2
Mutual_Information_19,8,http.request.method,0.7040519444722828,2
Mutual_Information_19,9,tcp.len,0.6816348714979488,2
Mutual_Information_19,10,http.referer,0.4953486732040622,2
Mutual_Information_19,11,tcp.checksum,0.4415446626445081,2
Mutual_Information_19,12,mqtt.topic,0.4317885920631075,2
Mutual_Information_19,13,mqtt.conack.flags,0.4312949971979356,2
Mutual_Information_19,14,mqtt.protoname,0.43126359312812124,2
Mutual_Information_19,15,icmp.checksum,0.30898525989528514,2
Mutual_Information_19,16,udp.stream,0.3057821320369638,2
Mutual_Information_19,17,tcp.flags.ack,0.30192438234696395,2
Mutual_Information_19,18,icmp.seq_le,0.29374703891014153,2
Mutual_Information_19,19,http.content_length,0.18083255251803187,2
Mutual_Information_19,20,tcp.connection.syn,0.10999520335748603,2
Mutual_Information_19,21,tcp.connection.rst,0.09036731906052564,2
Mutual_Information_19,22,http.response,0.07384807893179879,2
Mutual_Information_19,23,mqtt.hdrflags,0.06677783018864814,2
Mutual_Information_19,24,mqtt.msgtype,0.06312437186690101,2
Mutual_Information_19,25,tcp.connection.fin,0.04526807633599894,2
Mutual_Information_19,26,mqtt.len,0.04280037269651693,2
Mutual_Information_19,27,dns.qry.name,0.028688249709515556,2
Mutual_Information_19,28,tcp.connection.synack,0.02252543148943076,2
Mutual_Information_19,29,mqtt.conflags,0.020811835662546407,2
Mutual_Information_19,30,mqtt.ver,0.01608975839990956,2
Mutual_Information_19,31,mqtt.proto_len,0.015599374730756566,2
Mutual_Information_19,32,mqtt.conflag.cleansess,0.015566291527116416,2
Mutual_Information_19,33,mqtt.topic_len,0.015512998038092363,2
Mutual_Information_19,34,udp.port,0.015458483484579233,2
Mutual_Information_19,35,arp.hw.size,0.01394033925719107,2
Mutual_Information_19,36,dns.qry.qu,0.012848409028761498,2
Mutual_Information_19,37,arp.opcode,0.012498763922879075,2
Mutual_Information_19,38,udp.time_delta,0.011391083743089059,2
Mutual_Information_19,39,dns.qry.name.len,0.006893576814208213,2
Mutual_Information_19,40,icmp.transmit_timestamp,0.002250810261791969,2
Mutual_Information_19,41,dns.retransmission,0.0,2
Mutual_Information_19,42,dns.retransmit_request,0.0,2
Random_Forest_Importance_19,1,tcp.srcport,0.11807093126186656,2
Random_Forest_Importance_19,2,tcp.ack,0.10394275672666516,2
Random_Forest_Importance_19,3,tcp.dstport,0.09659316012244597,2
Random_Forest_Importance_19,4,http.referer,0.07493190958238999,2
Random_Forest_Importance_19,5,tcp.len,0.07459999570414877,2
Random_Forest_Importance_19,6,tcp.seq,0.06268938130571716,2
Random_Forest_Importance_19,7,icmp.seq_le,0.05807251634158282,2
Random_Forest_Importance_19,8,http.request.version,0.05036786642663854,2
Random_Forest_Importance_19,9,udp.stream,0.046672457419546204,2
Random_Forest_Importance_19,10,tcp.ack_raw,0.037739982834039565,2
Random_Forest_Importance_19,11,http.request.method,0.03522139242243322,2
Random_Forest_Importance_19,12,tcp.flags,0.033840998446987076,2
Random_Forest_Importance_19,13,tcp.checksum,0.024545827557165882,2
Random_Forest_Importance_19,14,mqtt.protoname,0.023768146912435752,2
Random_Forest_Importance_19,15,mqtt.topic,0.023149499392769092,2
Random_Forest_Importance_19,16,icmp.checksum,0.023026129693588165,2
Random_Forest_Importance_19,17,mqtt.conack.flags,0.021484817907765262,2
Random_Forest_Importance_19,18,udp.time_delta,0.015489327523656253,2
Random_Forest_Importance_19,19,udp.port,0.013648153874794306,2
Random_Forest_Importance_19,20,http.content_length,0.013477743767352826,2
Random_Forest_Importance_19,21,tcp.connection.rst,0.013157079000551146,2
Random_Forest_Importance_19,22,tcp.flags.ack,0.008433218251396429,2
Random_Forest_Importance_19,23,tcp.connection.syn,0.006495802840454728,2
Random_Forest_Importance_19,24,http.response,0.004470150308809645,2
Random_Forest_Importance_19,25,dns.qry.name,0.0022180402887341404,2
Random_Forest_Importance_19,26,arp.opcode,0.0020432767581863884,2
Random_Forest_Importance_19,27,arp.hw.size,0.0018894595710638353,2
Random_Forest_Importance_19,28,icmp.transmit_timestamp,0.0015943259347827934,2
Random_Forest_Importance_19,29,dns.qry.qu,0.0015932623919246878,2
Random_Forest_Importance_19,30,tcp.connection.fin,0.0015791553049243632,2
Random_Forest_Importance_19,31,dns.qry.name.len,0.0012307392684949273,2
Random_Forest_Importance_19,32,tcp.connection.synack,0.0012019039661199185,2
Random_Forest_Importance_19,33,mqtt.msgtype,0.0006785661258575357,2
Random_Forest_Importance_19,34,mqtt.hdrflags,0.0006400905347380544,2
Random_Forest_Importance_19,35,mqtt.len,0.0005517600561439902,2
Random_Forest_Importance_19,36,mqtt.conflag.cleansess,0.0002076359343933823,2
Random_Forest_Importance_19,37,mqtt.ver,0.00020676264177041774,2
Random_Forest_Importance_19,38,mqtt.conflags,0.00017542034152952192,2
Random_Forest_Importance_19,39,mqtt.topic_len,0.00014947601324123087,2
Random_Forest_Importance_19,40,mqtt.proto_len,0.00013842962664916683,2
Random_Forest_Importance_19,41,dns.retransmission,1.2001213372802943e-05,2
Random_Forest_Importance_19,42,dns.retransmit_request,4.4840287225819476e-07,2
Mutual_Information_19,1,tcp.dstport,1.413458452423991,3
Mutual_Information_19,2,tcp.srcport,1.3785944568727637,3
Mutual_Information_19,3,tcp.ack,1.3256331651861735,3
Mutual_Information_19,4,tcp.seq,1.0337791763202744,3
Mutual_Information_19,5,tcp.ack_raw,0.9831457650602702,3
Mutual_Information_19,6,tcp.flags,0.8023776297094205,3
Mutual_Information_19,7,http.request.version,0.7181755039786841,3
Mutual_Information_19,8,http.request.method,0.7111658065351514,3
Mutual_Information_19,9,tcp.len,0.6856515170962538,3
Mutual_Information_19,10,http.referer,0.4948540380059301,3
Mutual_Information_19,11,tcp.checksum,0.44027316191785104,3
Mutual_Information_19,12,mqtt.protoname,0.4332891738563367,3
Mutual_Information_19,13,mqtt.topic,0.4332519335292746,3
Mutual_Information_19,14,mqtt.conack.flags,0.4291885041568717,3
Mutual_Information_19,15,icmp.checksum,0.3097051622713751,3
Mutual_Information_19,16,udp.stream,0.3075273592773047,3
Mutual_Information_19,17,tcp.flags.ack,0.3050722856374204,3
Mutual_Information_19,18,icmp.seq_le,0.30001667311646063,3
Mutual_Information_19,19,http.content_length,0.1831617707086295,3
Mutual_Information_19,20,tcp.connection.syn,0.10559260828111583,3
Mutual_Information_19,21,tcp.connection.rst,0.09077000477638064,3
Mutual_Information_19,22,http.response,0.07474707623250199,3
Mutual_Information_19,23,mqtt.msgtype,0.06425016984603626,3
Mutual_Information_19,24,mqtt.hdrflags,0.060307329200903315,3
Mutual_Information_19,25,tcp.connection.fin,0.04661439981078308,3
Mutual_Information_19,26,mqtt.len,0.04135072724366706,3
Mutual_Information_19,27,dns.qry.name,0.028143974195676602,3
Mutual_Information_19,28,tcp.connection.synack,0.022475417712167545,3
Mutual_Information_19,29,mqtt.conflag.cleansess,0.019458718276876397,3
Mutual_Information_19,30,udp.time_delta,0.01902998388624244,3
Mutual_Information_19,31,arp.opcode,0.01583868583473702,3
Mutual_Information_19,32,udp.port,0.01581620732209288,3
Mutual_Information_19,33,mqtt.topic_len,0.015140806802634632,3
Mutual_Information_19,34,arp.hw.size,0.014996618511781357,3
Mutual_Information_19,35,mqtt.ver,0.013410380103004993,3
Mutual_Information_19,36,mqtt.proto_len,0.013086546656110087,3
Mutual_Information_19,37,mqtt.conflags,0.011975908102233479,3
Mutual_Information_19,38,dns.qry.qu,0.009552458121181662,3
Mutual_Information_19,39,dns.qry.name.len,0.009346964890725395,3
Mutual_Information_19,40,dns.retransmit_request,0.003200716136995574,3
Mutual_Information_19,41,icmp.transmit_timestamp,0.0026805363679294203,3
Mutual_Information_19,42,dns.retransmission,0.0,3
Random_Forest_Importance_19,1,tcp.srcport,0.11567680550564247,3
Random_Forest_Importance_19,2,tcp.ack,0.1090101263453621,3
Random_Forest_Importance_19,3,tcp.dstport,0.09892352556081752,3
Random_Forest_Importance_19,4,http.referer,0.07466546206459632,3
Random_Forest_Importance_19,5,tcp.len,0.07275228388521038,3
Random_Forest_Importance_19,6,tcp.seq,0.06153630288579989,3
Random_Forest_Importance_19,7,icmp.seq_le,0.05773216291840438,3
Random_Forest_Importance_19,8,http.request.version,0.04917662379981063,3
Random_Forest_Importance_19,9,udp.stream,0.04731380156286117,3
Random_Forest_Importance_19,10,http.request.method,0.03650559885947624,3
Random_Forest_Importance_19,11,tcp.ack_raw,0.03565778791596863,3
Random_Forest_Importance_19,12,tcp.flags,0.032256130253378514,3
Random_Forest_Importance_19,13,mqtt.topic,0.026251008547318808,3
Random_Forest_Importance_19,14,tcp.checksum,0.024874190766140475,3
Random_Forest_Importance_19,15,icmp.checksum,0.024283690839085197,3
Random_Forest_Importance_19,16,mqtt.protoname,0.023518487511550886,3
Random_Forest_Importance_19,17,mqtt.conack.flags,0.017521946167080842,3
Random_Forest_Importance_19,18,udp.port,0.016879138389270677,3
Random_Forest_Importance_19,19,http.content_length,0.01412261010317786,3
Random_Forest_Importance_19,20,udp.time_delta,0.012530128911545086,3
Random_Forest_Importance_19,21,tcp.connection.rst,0.012415601561759828,3
Random_Forest_Importance_19,22,tcp.flags.ack,0.008583640516775402,3
Random_Forest_Importance_19,23,tcp.connection.syn,0.007657008347172324,3
Random_Forest_Importance_19,24,http.response,0.004264778743544588,3
Random_Forest_Importance_19,25,dns.qry.name,0.002054911695301502,3
Random_Forest_Importance_19,26,arp.opcode,0.002032857568405134,3
Random_Forest_Importance_19,27,arp.hw.size,0.0017290087836326345,3
Random_Forest_Importance_19,28,dns.qry.name.len,0.001719850051471918,3
Random_Forest_Importance_19,29,tcp.connection.fin,0.0015045351467081842,3
Random_Forest_Importance_19,30,icmp.transmit_timestamp,0.0014980376512535116,3
Random_Forest_Importance_19,31,tcp.connection.synack,0.0013231328686001014,3
Random_Forest_Importance_19,32,dns.qry.qu,0.0011777715774803487,3
Random_Forest_Importance_19,33,mqtt.hdrflags,0.0007914905629413863,3
Random_Forest_Importance_19,34,mqtt.msgtype,0.000704334127032669,3
Random_Forest_Importance_19,35,mqtt.len,0.00048824887116277705,3
Random_Forest_Importance_19,36,mqtt.topic_len,0.0002854154674671904,3
Random_Forest_Importance_19,37,mqtt.conflag.cleansess,0.00017053646752741315,3
Random_Forest_Importance_19,38,mqtt.conflags,0.00016570502826855114,3
Random_Forest_Importance_19,39,mqtt.ver,0.00012081525003253544,3
Random_Forest_Importance_19,40,mqtt.proto_len,0.0001160930045431221,3
Random_Forest_Importance_19,41,dns.retransmission,8.053199075117862e-06,3
Random_Forest_Importance_19,42,dns.retransmit_request,3.6071734554463485e-07,3
Mutual_Information_19,1,tcp.dstport,1.4137773527464104,4
Mutual_Information_19,2,tcp.srcport,1.3675443089297952,4
Mutual_Information_19,3,tcp.ack,1.3295436960518554,4
Mutual_Information_19,4,tcp.seq,1.0298661908740732,4
Mutual_Information_19,5,tcp.ack_raw,0.9842722573064857,4
Mutual_Information_19,6,tcp.flags,0.803079895775558,4
Mutual_Information_19,7,http.request.version,0.7135656539223056,4
Mutual_Information_19,8,http.request.method,0.7080665024907886,4
Mutual_Information_19,9,tcp.len,0.6805174856128509,4
Mutual_Information_19,10,http.referer,0.4980038840512844,4
Mutual_Information_19,11,tcp.checksum,0.44137290029458587,4
Mutual_Information_19,12,mqtt.protoname,0.4364385447321628,4
Mutual_Information_19,13,mqtt.conack.flags,0.43384585250184493,4
Mutual_Information_19,14,mqtt.topic,0.4304570548577984,4
Mutual_Information_19,15,icmp.checksum,0.30835388112279594,4
Mutual_Information_19,16,udp.stream,0.30585985484280176,4
Mutual_Information_19,17,tcp.flags.ack,0.30155352166310045,4
Mutual_Information_19,18,icmp.seq_le,0.29658384531142,4
Mutual_Information_19,19,http.content_length,0.18102235159755642,4
Mutual_Information_19,20,tcp.connection.syn,0.10673717766150714,4
Mutual_Information_19,21,tcp.connection.rst,0.09202864859677629,4
Mutual_Information_19,22,http.response,0.07320706643558994,4
Mutual_Information_19,23,mqtt.hdrflags,0.0625464060701999,4
Mutual_Information_19,24,mqtt.msgtype,0.06205547554215807,4
Mutual_Information_19,25,mqtt.len,0.053329791808025995,4
Mutual_Information_19,26,tcp.connection.fin,0.04467059563676434,4
Mutual_Information_19,27,dns.qry.name,0.027167463954874904,4
Mutual_Information_19,28,arp.opcode,0.018795740415332052,4
Mutual_Information_19,29,tcp.connection.synack,0.017730536303763422,4
Mutual_Information_19,30,arp.hw.size,0.016463032948963452,4
Mutual_Information_19,31,mqtt.conflag.cleansess,0.015229408323532034,4
Mutual_Information_19,32,mqtt.proto_len,0.015037247095849526,4
Mutual_Information_19,33,mqtt.topic_len,0.01471999233385457,4
Mutual_Information_19,34,mqtt.ver,0.014635769760889872,4
Mutual_Information_19,35,udp.port,0.014515349292684832,4
Mutual_Information_19,36,udp.time_delta,0.01402237927877481,4
Mutual_Information_19,37,dns.qry.qu,0.011816213125533714,4
Mutual_Information_19,38,mqtt.conflags,0.011034304416760676,4
Mutual_Information_19,39,dns.qry.name.len,0.006208852449451019,4
Mutual_Information_19,40,icmp.transmit_timestamp,0.004859618162238455,4
Mutual_Information_19,41,dns.retransmit_request,0.0023796859089677547,4
Mutual_Information_19,42,dns.retransmission,0.0002656744255009613,4
Random_Forest_Importance_19,1,tcp.srcport,0.11596353198154999,4
Random_Forest_Importance_19,2,tcp.ack,0.1043591532715307,4
Random_Forest_Importance_19,3,tcp.dstport,0.09860441546889281,4
Random_Forest_Importance_19,4,http.referer,0.07576612753167992,4
Random_Forest_Importance_19,5,tcp.len,0.07261914480864229,4
Random_Forest_Importance_19,6,tcp.seq,0.06409292724334138,4
Random_Forest_Importance_19,7,icmp.seq_le,0.05795002219747472,4
Random_Forest_Importance_19,8,udp.stream,0.046670706368744035,4
Random_Forest_Importance_19,9,http.request.version,0.043084138538435277,4
Random_Forest_Importance_19,10,http.request.method,0.03944358015727581,4
Random_Forest_Importance_19,11,tcp.ack_raw,0.03713386494127434,4
Random_Forest_Importance_19,12,tcp.flags,0.03338010630421204,4
Random_Forest_Importance_19,13,icmp.checksum,0.025770136209911372,4
Random_Forest_Importance_19,14,tcp.checksum,0.025550700663698665,4
Random_Forest_Importance_19,15,mqtt.topic,0.025262190704040385,4
Random_Forest_Importance_19,16,mqtt.protoname,0.024630766914752546,4
Random_Forest_Importance_19,17,mqtt.conack.flags,0.018054872632605867,4
Random_Forest_Importance_19,18,udp.port,0.017465402175701347,4
Random_Forest_Importance_19,19,tcp.connection.rst,0.013567738191832454,4
Random_Forest_Importance_19,20,http.content_length,0.013287926737543662,4
Random_Forest_Importance_19,21,udp.time_delta,0.012246927628266534,4
Random_Forest_Importance_19,22,tcp.flags.ack,0.007799701437102042,4
Random_Forest_Importance_19,23,tcp.connection.syn,0.007112783076288801,4
Random_Forest_Importance_19,24,http.response,0.0034298523535627092,4
Random_Forest_Importance_19,25,dns.qry.name,0.0024527610345269294,4
Random_Forest_Importance_19,26,arp.hw.size,0.0019750284243390016,4
Random_Forest_Importance_19,27,dns.qry.name.len,0.0019197271978524492,4
Random_Forest_Importance_19,28,icmp.transmit_timestamp,0.001753810037341098,4
Random_Forest_Importance_19,29,arp.opcode,0.0016299667049536448,4
Random_Forest_Importance_19,30,tcp.connection.fin,0.0015627951307030303,4
Random_Forest_Importance_19,31,dns.qry.qu,0.0013611983823962077,4
Random_Forest_Importance_19,32,tcp.connection.synack,0.0012811482992118133,4
Random_Forest_Importance_19,33,mqtt.msgtype,0.000744408871228542,4
Random_Forest_Importance_19,34,mqtt.len,0.0007109454628483091,4
Random_Forest_Importance_19,35,mqtt.hdrflags,0.000687643813151573,4
Random_Forest_Importance_19,36,mqtt.ver,0.00019003090471669235,4
Random_Forest_Importance_19,37,mqtt.topic_len,0.00016795565383883148,4
Random_Forest_Importance_19,38,mqtt.conflag.cleansess,0.00012802511481266988,4
Random_Forest_Importance_19,39,mqtt.proto_len,9.543786381724392e-05,4
Random_Forest_Importance_19,40,mqtt.conflags,8.789997478570088e-05,4
Random_Forest_Importance_19,41,dns.retransmission,4.499591116735689e-06,4
Random_Forest_Importance_19,42,dns.retransmit_request,0.0,4
Mutual_Information_19,1,tcp.dstport,1.4138365754427835,5
Mutual_Information_19,2,tcp.srcport,1.3686265222446408,5
Mutual_Information_19,3,tcp.ack,1.3258381932262364,5
Mutual_Information_19,4,tcp.seq,1.0312441068105587,5
Mutual_Information_19,5,tcp.ack_raw,0.9842840001375328,5
Mutual_Information_19,6,tcp.flags,0.8022910185879386,5
Mutual_Information_19,7,http.request.version,0.7169904693299398,5
Mutual_Information_19,8,http.request.method,0.7101501115982103,5
Mutual_Information_19,9,tcp.len,0.6815423496169943,5
Mutual_Information_19,10,http.referer,0.5014285523135449,5
Mutual_Information_19,11,tcp.checksum,0.4389650768230293,5
Mutual_Information_19,12,mqtt.conack.flags,0.4343841571899212,5
Mutual_Information_19,13,mqtt.protoname,0.4342613983328487,5
Mutual_Information_19,14,mqtt.topic,0.43357775958514466,5
Mutual_Information_19,15,udp.stream,0.3071172158939337,5
Mutual_Information_19,16,icmp.checksum,0.3023047453629255,5
Mutual_Information_19,17,tcp.flags.ack,0.3006576883586516,5
Mutual_Information_19,18,icmp.seq_le,0.29757865475828504,5
Mutual_Information_19,19,http.content_length,0.18293604501365834,5
Mutual_Information_19,20,tcp.connection.syn,0.10683028094937219,5
Mutual_Information_19,21,tcp.connection.rst,0.09170000643564125,5
Mutual_Information_19,22,http.response,0.07192595668667323,5
Mutual_Information_19,23,mqtt.msgtype,0.06490784985512166,5
Mutual_Information_19,24,mqtt.hdrflags,0.06340816432031948,5
Mutual_Information_19,25,tcp.connection.fin,0.04784585241927619,5
Mutual_Information_19,26,mqtt.len,0.045361962764066455,5
Mutual_Information_19,27,dns.qry.name,0.02804692363147465,5
Mutual_Information_19,28,tcp.connection.synack,0.02507623519491098,5
Mutual_Information_19,29,udp.port,0.01960637157601175,5
Mutual_Information_19,30,mqtt.conflags,0.01878006629808482,5
Mutual_Information_19,31,arp.hw.size,0.01828959841736566,5
Mutual_Information_19,32,arp.opcode,0.017221445732610974,5
Mutual_Information_19,33,mqtt.conflag.cleansess,0.016098717290423448,5
Mutual_Information_19,34,mqtt.proto_len,0.01594057242979785,5
Mutual_Information_19,35,mqtt.topic_len,0.015815249737867187,5
Mutual_Information_19,36,mqtt.ver,0.014832358634708331,5
Mutual_Information_19,37,udp.time_delta,0.013660038865504376,5
Mutual_Information_19,38,dns.qry.qu,0.00905255699146501,5
Mutual_Information_19,39,dns.qry.name.len,0.007906444265324719,5
Mutual_Information_19,40,icmp.transmit_timestamp,0.003213806530593555,5
Mutual_Information_19,41,dns.retransmit_request,0.002356274198429542,5
Mutual_Information_19,42,dns.retransmission,0.0,5
Random_Forest_Importance_19,1,tcp.srcport,0.11841120621382988,5
Random_Forest_Importance_19,2,tcp.ack,0.10461562301323234,5
Random_Forest_Importance_19,3,tcp.dstport,0.0992109723761252,5
Random_Forest_Importance_19,4,tcp.len,0.07479766800474157,5
Random_Forest_Importance_19,5,http.referer,0.07475645013712755,5
Random_Forest_Importance_19,6,tcp.seq,0.06289771255095775,5
Random_Forest_Importance_19,7,icmp.seq_le,0.05697314491758891,5
Random_Forest_Importance_19,8,http.request.version,0.045414617994179625,5
Random_Forest_Importance_19,9,udp.stream,0.043953119287591706,5
Random_Forest_Importance_19,10,http.request.method,0.03759135891283043,5
Random_Forest_Importance_19,11,tcp.ack_raw,0.03557058159633864,5
Random_Forest_Importance_19,12,tcp.flags,0.03497094580864223,5
Random_Forest_Importance_19,13,icmp.checksum,0.02589060813658561,5
Random_Forest_Importance_19,14,mqtt.topic,0.02536324412464091,5
Random_Forest_Importance_19,15,tcp.checksum,0.02504909273091652,5
Random_Forest_Importance_19,16,mqtt.conack.flags,0.023266771340772253,5
Random_Forest_Importance_19,17,mqtt.protoname,0.0193883404658051,5
Random_Forest_Importance_19,18,udp.port,0.0163672061202579,5
Random_Forest_Importance_19,19,http.content_length,0.015637504204863383,5
Random_Forest_Importance_19,20,tcp.connection.rst,0.013415589336565817,5
Random_Forest_Importance_19,21,udp.time_delta,0.013019649523856255,5
Random_Forest_Importance_19,22,tcp.connection.syn,0.007263648048409571,5
Random_Forest_Importance_19,23,tcp.flags.ack,0.0063172760076040885,5
Random_Forest_Importance_19,24,http.response,0.003660891522872799,5
Random_Forest_Importance_19,25,dns.qry.name,0.002319822297640069,5
Random_Forest_Importance_19,26,arp.opcode,0.0020235462673190837,5
Random_Forest_Importance_19,27,arp.hw.size,0.0018390137751984985,5
Random_Forest_Importance_19,28,tcp.connection.fin,0.0016260990520768795,5
Random_Forest_Importance_19,29,dns.qry.name.len,0.0014460449790802844,5
Random_Forest_Importance_19,30,dns.qry.qu,0.001443263135942604,5
Random_Forest_Importance_19,31,icmp.transmit_timestamp,0.0013770136827767102,5
Random_Forest_Importance_19,32,tcp.connection.synack,0.0012424822507454323,5
Random_Forest_Importance_19,33,mqtt.hdrflags,0.0007887744599332565,5
Random_Forest_Importance_19,34,mqtt.len,0.0007884205244126747,5
Random_Forest_Importance_19,35,mqtt.msgtype,0.0005488486368173778,5
Random_Forest_Importance_19,36,mqtt.topic_len,0.0002260428215870918,5
Random_Forest_Importance_19,37,mqtt.ver,0.00017706055717179355,5
Random_Forest_Importance_19,38,mqtt.proto_len,0.00016164196666217285,5
Random_Forest_Importance_19,39,mqtt.conflags,0.00011623138904788243,5
Random_Forest_Importance_19,40,mqtt.conflag.cleansess,6.78127585717149e-05,5
Random_Forest_Importance_19,41,dns.retransmission,4.287504066441103e-06,5
Random_Forest_Importance_19,42,dns.retransmit_request,3.7156461427179083e-07,5
