outer_fold,selector,classifier,feature_count,accuracy,macro_f1,weighted_f1,balanced_accuracy,mcc,training_seconds,inference_seconds,milliseconds_per_record,serialized_model_bytes,record_type,class_name,class_precision,class_recall,class_f1,class_support
1,Full_42,Linear_Logistic_SGD_Scaled,42,0.8393980412453221,0.8005767009841042,0.8417159360796026,0.8128949516729157,0.8254771889284159,8.190679399000146,0.04724719800015009,0.0018810095549068435,13882.0,aggregate,,,,,
1,Full_42,Linear_Logistic_SGD_Scaled,42,,,,,,,,,,per_class,Backdoor,0.9817813765182186,0.8920907418761496,0.9347895920334084,1631.0
1,Full_42,Linear_Logistic_SGD_Scaled,42,,,,,,,,,,per_class,DDoS_HTTP,0.8164281269446173,0.7763313609467456,0.7958750379132545,1690.0
1,Full_42,Linear_Logistic_SGD_Scaled,42,,,,,,,,,,per_class,DDoS_ICMP,0.9972997299729973,0.9831410825199645,0.9901697944593386,2254.0
1,Full_42,Linear_Logistic_SGD_Scaled,42,,,,,,,,,,per_class,DDoS_TCP,0.8077830188679245,0.835875533862111,0.8215892053973013,1639.0
1,Full_42,Linear_Logistic_SGD_Scaled,42,,,,,,,,,,per_class,DDoS_UDP,1.0,0.9913793103448276,0.9956709956709957,2320.0
1,Full_42,Linear_Logistic_SGD_Scaled,42,,,,,,,,,,per_class,Fingerprinting,0.2727272727272727,0.61875,0.378585086042065,160.0
1,Full_42,Linear_Logistic_SGD_Scaled,42,,,,,,,,,,per_class,MITM,1.0,0.984375,0.9921259842519685,64.0
1,Full_42,Linear_Logistic_SGD_Scaled,42,,,,,,,,,,per_class,Normal,1.0,1.0,1.0,3888.0
1,Full_42,Linear_Logistic_SGD_Scaled,42,,,,,,,,,,per_class,Password,0.5912670007158196,0.5168961201501877,0.5515859766277129,1598.0
1,Full_42,Linear_Logistic_SGD_Scaled,42,,,,,,,,,,per_class,Port_Scanning,0.8028242677824268,0.9522332506203474,0.8711691259931895,1612.0
1,Full_42,Linear_Logistic_SGD_Scaled,42,,,,,,,,,,per_class,Ransomware,0.9848920863309353,0.7831807780320366,0.8725302740599107,1748.0
1,Full_42,Linear_Logistic_SGD_Scaled,42,,,,,,,,,,per_class,SQL_injection,0.5325550067355186,0.7187878787878788,0.6118132576734588,1650.0
1,Full_42,Linear_Logistic_SGD_Scaled,42,,,,,,,,,,per_class,Uploading,0.7087608524072613,0.5465611685940353,0.6171821305841924,1643.0
1,Full_42,Linear_Logistic_SGD_Scaled,42,,,,,,,,,,per_class,Vulnerability_scanner,0.853125,0.8467741935483871,0.8499377334993773,1612.0
1,Full_42,Linear_Logistic_SGD_Scaled,42,,,,,,,,,,per_class,XSS,0.7053990610328639,0.7470478558110628,0.7256263205553879,1609.0
1,Natural_Global_20,Linear_Logistic_SGD_Scaled,20,0.837128752289195,0.795870871893112,0.8368791350398371,0.8112790142084361,0.8235897429042804,5.421710021000763,0.034332148999965284,0.0013668345011531684,9932.0,aggregate,,,,,
1,Natural_Global_20,Linear_Logistic_SGD_Scaled,20,,,,,,,,,,per_class,Backdoor,0.982806052269601,0.8761496014714899,0.9264181523500811,1631.0
1,Natural_Global_20,Linear_Logistic_SGD_Scaled,20,,,,,,,,,,per_class,DDoS_HTTP,0.8008249852681202,0.8041420118343195,0.8024800708591673,1690.0
1,Natural_Global_20,Linear_Logistic_SGD_Scaled,20,,,,,,,,,,per_class,DDoS_ICMP,0.995945945945946,0.9809228039041704,0.988377291014752,2254.0
1,Natural_Global_20,Linear_Logistic_SGD_Scaled,20,,,,,,,,,,per_class,DDoS_TCP,0.8029197080291971,0.8053691275167785,0.8041425525434055,1639.0
1,Natural_Global_20,Linear_Logistic_SGD_Scaled,20,,,,,,,,,,per_class,DDoS_UDP,1.0,0.9900862068965517,0.9950184102230886,2320.0
1,Natural_Global_20,Linear_Logistic_SGD_Scaled,20,,,,,,,,,,per_class,Fingerprinting,0.26975476839237056,0.61875,0.3757115749525617,160.0
1,Natural_Global_20,Linear_Logistic_SGD_Scaled,20,,,,,,,,,,per_class,MITM,1.0,1.0,1.0,64.0
1,Natural_Global_20,Linear_Logistic_SGD_Scaled,20,,,,,,,,,,per_class,Normal,1.0,1.0,1.0,3888.0
1,Natural_Global_20,Linear_Logistic_SGD_Scaled,20,,,,,,,,,,per_class,Password,0.6673706441393875,0.3954943679599499,0.4966601178781924,1598.0
1,Natural_Global_20,Linear_Logistic_SGD_Scaled,20,,,,,,,,,,per_class,Port_Scanning,0.7828513444951801,0.957196029776675,0.8612894222718392,1612.0
1,Natural_Global_20,Linear_Logistic_SGD_Scaled,20,,,,,,,,,,per_class,Ransomware,0.9702338766832034,0.7831807780320366,0.8667299778410888,1748.0
1,Natural_Global_20,Linear_Logistic_SGD_Scaled,20,,,,,,,,,,per_class,SQL_injection,0.5545596258768511,0.8624242424242424,0.6750474383301708,1650.0
1,Natural_Global_20,Linear_Logistic_SGD_Scaled,20,,,,,,,,,,per_class,Uploading,0.6611030478955007,0.5544735240413877,0.6031115524660707,1643.0
1,Natural_Global_20,Linear_Logistic_SGD_Scaled,20,,,,,,,,,,per_class,Vulnerability_scanner,0.851875,0.8455334987593052,0.848692403486924,1612.0
1,Natural_Global_20,Linear_Logistic_SGD_Scaled,20,,,,,,,,,,per_class,XSS,0.6933085501858736,0.6954630205096333,0.694384114179336,1609.0
1,Class_Balanced_15,Linear_Logistic_SGD_Scaled,15,0.7965602356875547,0.7367283241800179,0.781132560285102,0.7539522482090031,0.7809065206110839,4.475505434999832,0.029787589000079606,0.001185906083290055,8647.0,aggregate,,,,,
1,Class_Balanced_15,Linear_Logistic_SGD_Scaled,15,,,,,,,,,,per_class,Backdoor,0.8110236220472441,0.8841201716738197,0.8459958932238193,1631.0
1,Class_Balanced_15,Linear_Logistic_SGD_Scaled,15,,,,,,,,,,per_class,DDoS_HTTP,0.6526263627353815,0.7792899408284024,0.7103559870550161,1690.0
1,Class_Balanced_15,Linear_Logistic_SGD_Scaled,15,,,,,,,,,,per_class,DDoS_ICMP,0.9808463251670378,0.976929902395741,0.9788841964881085,2254.0
1,Class_Balanced_15,Linear_Logistic_SGD_Scaled,15,,,,,,,,,,per_class,DDoS_TCP,0.7200467562828755,0.7516778523489933,0.7355223880597015,1639.0
1,Class_Balanced_15,Linear_Logistic_SGD_Scaled,15,,,,,,,,,,per_class,DDoS_UDP,0.9879362343817321,0.9883620689655173,0.9881491057961646,2320.0
1,Class_Balanced_15,Linear_Logistic_SGD_Scaled,15,,,,,,,,,,per_class,Fingerprinting,0.3,0.3375,0.31764705882352945,160.0
1,Class_Balanced_15,Linear_Logistic_SGD_Scaled,15,,,,,,,,,,per_class,MITM,1.0,1.0,1.0,64.0
1,Class_Balanced_15,Linear_Logistic_SGD_Scaled,15,,,,,,,,,,per_class,Normal,1.0,1.0,1.0,3888.0
1,Class_Balanced_15,Linear_Logistic_SGD_Scaled,15,,,,,,,,,,per_class,Password,0.7753846153846153,0.15769712140175218,0.2620904836193448,1598.0
1,Class_Balanced_15,Linear_Logistic_SGD_Scaled,15,,,,,,,,,,per_class,Port_Scanning,0.7361563517915309,0.9813895781637717,0.8412656208455198,1612.0
1,Class_Balanced_15,Linear_Logistic_SGD_Scaled,15,,,,,,,,,,per_class,Ransomware,0.8122448979591836,0.45537757437070936,0.5835777126099706,1748.0
1,Class_Balanced_15,Linear_Logistic_SGD_Scaled,15,,,,,,,,,,per_class,SQL_injection,0.5573426573426573,0.9660606060606061,0.7068736141906874,1650.0
1,Class_Balanced_15,Linear_Logistic_SGD_Scaled,15,,,,,,,,,,per_class,Uploading,0.6166471277842908,0.6402921485088253,0.6282472379814871,1643.0
1,Class_Balanced_15,Linear_Logistic_SGD_Scaled,15,,,,,,,,,,per_class,Vulnerability_scanner,0.8507462686567164,0.8486352357320099,0.8496894409937888,1612.0
1,Class_Balanced_15,Linear_Logistic_SGD_Scaled,15,,,,,,,,,,per_class,XSS,0.6785992217898833,0.5419515226848974,0.6026261230131306,1609.0
1,Stable_Balanced_Core,Linear_Logistic_SGD_Scaled,14,0.7859702205589617,0.7252872442347152,0.7745525647076302,0.7400500683619872,0.7684825922391858,4.455112656999518,0.031905579000522266,0.0012702276853460573,8452.0,aggregate,,,,,
1,Stable_Balanced_Core,Linear_Logistic_SGD_Scaled,14,,,,,,,,,,per_class,Backdoor,0.7726084683742812,0.9061925199264255,0.8340857787810384,1631.0
1,Stable_Balanced_Core,Linear_Logistic_SGD_Scaled,14,,,,,,,,,,per_class,DDoS_HTTP,0.6463054187192119,0.7763313609467456,0.7053763440860217,1690.0
1,Stable_Balanced_Core,Linear_Logistic_SGD_Scaled,14,,,,,,,,,,per_class,DDoS_ICMP,0.976940133037694,0.9773735581188997,0.9771567975160789,2254.0
1,Stable_Balanced_Core,Linear_Logistic_SGD_Scaled,14,,,,,,,,,,per_class,DDoS_TCP,0.7941935483870968,0.7510677242220867,0.7720288491690185,1639.0
1,Stable_Balanced_Core,Linear_Logistic_SGD_Scaled,14,,,,,,,,,,per_class,DDoS_UDP,0.989172802078822,0.9844827586206897,0.9868222078202636,2320.0
1,Stable_Balanced_Core,Linear_Logistic_SGD_Scaled,14,,,,,,,,,,per_class,Fingerprinting,0.20454545454545456,0.28125,0.23684210526315788,160.0
1,Stable_Balanced_Core,Linear_Logistic_SGD_Scaled,14,,,,,,,,,,per_class,MITM,1.0,1.0,1.0,64.0
1,Stable_Balanced_Core,Linear_Logistic_SGD_Scaled,14,,,,,,,,,,per_class,Normal,1.0,1.0,1.0,3888.0
1,Stable_Balanced_Core,Linear_Logistic_SGD_Scaled,14,,,,,,,,,,per_class,Password,0.4839797639123103,0.17959949937421776,0.2619808306709265,1598.0
1,Stable_Balanced_Core,Linear_Logistic_SGD_Scaled,14,,,,,,,,,,per_class,Port_Scanning,0.7352806937471474,0.999379652605459,0.8472258743097555,1612.0
1,Stable_Balanced_Core,Linear_Logistic_SGD_Scaled,14,,,,,,,,,,per_class,Ransomware,0.8390928725701944,0.44450800915331806,0.581151832460733,1748.0
1,Stable_Balanced_Core,Linear_Logistic_SGD_Scaled,14,,,,,,,,,,per_class,SQL_injection,0.5266752027315408,0.7478787878787879,0.6180816428750313,1650.0
1,Stable_Balanced_Core,Linear_Logistic_SGD_Scaled,14,,,,,,,,,,per_class,Uploading,0.560613810741688,0.6670724284844796,0.6092273485269595,1643.0
1,Stable_Balanced_Core,Linear_Logistic_SGD_Scaled,14,,,,,,,,,,per_class,Vulnerability_scanner,0.8512756689483509,0.8486352357320099,0.8499534016775395,1612.0
1,Stable_Balanced_Core,Linear_Logistic_SGD_Scaled,14,,,,,,,,,,per_class,XSS,0.6781789638932496,0.5369794903666874,0.5993756503642039,1609.0
1,Stable_Minority_Only,Linear_Logistic_SGD_Scaled,14,0.5947129548530934,0.5293347026830847,0.5585107719027361,0.5552879896192724,0.5601885164616439,3.8142622279992793,0.02131118899978901,0.0008484429094589144,7588.0,aggregate,,,,,
1,Stable_Minority_Only,Linear_Logistic_SGD_Scaled,14,,,,,,,,,,per_class,Backdoor,0.0,0.0,0.0,1631.0
1,Stable_Minority_Only,Linear_Logistic_SGD_Scaled,14,,,,,,,,,,per_class,DDoS_HTTP,0.3117338003502627,0.5266272189349113,0.39163916391639164,1690.0
1,Stable_Minority_Only,Linear_Logistic_SGD_Scaled,14,,,,,,,,,,per_class,DDoS_ICMP,0.9412269412269412,0.9733806566104702,0.9570338058887677,2254.0
1,Stable_Minority_Only,Linear_Logistic_SGD_Scaled,14,,,,,,,,,,per_class,DDoS_TCP,0.6948555320648344,0.6015863331299572,0.644865925441465,1639.0
1,Stable_Minority_Only,Linear_Logistic_SGD_Scaled,14,,,,,,,,,,per_class,DDoS_UDP,0.7788892721628148,0.9732758620689655,0.8652998658746888,2320.0
1,Stable_Minority_Only,Linear_Logistic_SGD_Scaled,14,,,,,,,,,,per_class,Fingerprinting,0.055415617128463476,0.1375,0.07899461400359066,160.0
1,Stable_Minority_Only,Linear_Logistic_SGD_Scaled,14,,,,,,,,,,per_class,MITM,1.0,1.0,1.0,64.0
1,Stable_Minority_Only,Linear_Logistic_SGD_Scaled,14,,,,,,,,,,per_class,Normal,0.580699457639798,0.7986111111111112,0.6724417975094747,3888.0
1,Stable_Minority_Only,Linear_Logistic_SGD_Scaled,14,,,,,,,,,,per_class,Password,0.4806378132118451,0.1320400500625782,0.20716740304369172,1598.0
1,Stable_Minority_Only,Linear_Logistic_SGD_Scaled,14,,,,,,,,,,per_class,Port_Scanning,0.8026172300981461,0.913151364764268,0.8543238537434706,1612.0
1,Stable_Minority_Only,Linear_Logistic_SGD_Scaled,14,,,,,,,,,,per_class,Ransomware,0.772877618522602,0.4010297482837529,0.5280602636534839,1748.0
1,Stable_Minority_Only,Linear_Logistic_SGD_Scaled,14,,,,,,,,,,per_class,SQL_injection,0.32451323015476785,0.3939393939393939,0.35587188612099646,1650.0
1,Stable_Minority_Only,Linear_Logistic_SGD_Scaled,14,,,,,,,,,,per_class,Uploading,0.3675373134328358,0.1199026171637249,0.18081688848095456,1643.0
1,Stable_Minority_Only,Linear_Logistic_SGD_Scaled,14,,,,,,,,,,per_class,Vulnerability_scanner,0.6182478438492964,0.8449131513647643,0.7140235910878113,1612.0
1,Stable_Minority_Only,Linear_Logistic_SGD_Scaled,14,,,,,,,,,,per_class,XSS,0.46772366930917325,0.5133623368551895,0.48948148148148146,1609.0
1,CS_SHAP_Union,Linear_Logistic_SGD_Scaled,18,0.7970777928178995,0.7358919098495711,0.7903445847460236,0.7437370063900026,0.7800168940202701,5.38526430300044,0.033487229000456864,0.0013331964726672851,9222.0,aggregate,,,,,
1,CS_SHAP_Union,Linear_Logistic_SGD_Scaled,18,,,,,,,,,,per_class,Backdoor,0.9481382978723404,0.874310239117106,0.9097288676236045,1631.0
1,CS_SHAP_Union,Linear_Logistic_SGD_Scaled,18,,,,,,,,,,per_class,DDoS_HTTP,0.6516129032258065,0.7769230769230769,0.7087719298245613,1690.0
1,CS_SHAP_Union,Linear_Logistic_SGD_Scaled,18,,,,,,,,,,per_class,DDoS_ICMP,0.9463229078613694,0.9933451641526175,0.9692640692640693,2254.0
1,CS_SHAP_Union,Linear_Logistic_SGD_Scaled,18,,,,,,,,,,per_class,DDoS_TCP,0.795003203074952,0.7571690054911532,0.775625,1639.0
1,CS_SHAP_Union,Linear_Logistic_SGD_Scaled,18,,,,,,,,,,per_class,DDoS_UDP,0.9977538185085355,0.9573275862068965,0.9771227452705674,2320.0
1,CS_SHAP_Union,Linear_Logistic_SGD_Scaled,18,,,,,,,,,,per_class,Fingerprinting,0.13875598086124402,0.18125,0.15718157181571815,160.0
1,CS_SHAP_Union,Linear_Logistic_SGD_Scaled,18,,,,,,,,,,per_class,MITM,1.0,0.984375,0.9921259842519685,64.0
1,CS_SHAP_Union,Linear_Logistic_SGD_Scaled,18,,,,,,,,,,per_class,Normal,1.0,1.0,1.0,3888.0
1,CS_SHAP_Union,Linear_Logistic_SGD_Scaled,18,,,,,,,,,,per_class,Password,0.48632218844984804,0.2002503128911139,0.28368794326241137,1598.0
1,CS_SHAP_Union,Linear_Logistic_SGD_Scaled,18,,,,,,,,,,per_class,Port_Scanning,0.7402168788307402,0.9739454094292804,0.8411465309402624,1612.0
1,CS_SHAP_Union,Linear_Logistic_SGD_Scaled,18,,,,,,,,,,per_class,Ransomware,0.8533042846768337,0.6721967963386728,0.7520000000000001,1748.0
1,CS_SHAP_Union,Linear_Logistic_SGD_Scaled,18,,,,,,,,,,per_class,SQL_injection,0.5290822921154674,0.7442424242424243,0.6184840090657264,1650.0
1,CS_SHAP_Union,Linear_Logistic_SGD_Scaled,18,,,,,,,,,,per_class,Uploading,0.5543933054393305,0.6451612903225806,0.5963431786216595,1643.0
1,CS_SHAP_Union,Linear_Logistic_SGD_Scaled,18,,,,,,,,,,per_class,Vulnerability_scanner,0.8496894409937888,0.8486352357320099,0.8491620111731844,1612.0
1,CS_SHAP_Union,Linear_Logistic_SGD_Scaled,18,,,,,,,,,,per_class,XSS,0.6837606837606838,0.5469235550031075,0.6077348066298343,1609.0
1,Mutual_Information_19,Linear_Logistic_SGD_Scaled,19,0.7451628314356239,0.6863746665179933,0.7375164090962613,0.7114366505580031,0.7245606250999223,5.64107503500054,0.039455189000364044,0.0015707934150953119,9834.0,aggregate,,,,,
1,Mutual_Information_19,Linear_Logistic_SGD_Scaled,19,,,,,,,,,,per_class,Backdoor,0.5929133858267717,0.9233599019006744,0.7221289858547111,1631.0
1,Mutual_Information_19,Linear_Logistic_SGD_Scaled,19,,,,,,,,,,per_class,DDoS_HTTP,0.7842822774659182,0.578698224852071,0.6659856996935648,1690.0
1,Mutual_Information_19,Linear_Logistic_SGD_Scaled,19,,,,,,,,,,per_class,DDoS_ICMP,0.9356993736951983,0.9942324755989352,0.9640782964078297,2254.0
1,Mutual_Information_19,Linear_Logistic_SGD_Scaled,19,,,,,,,,,,per_class,DDoS_TCP,0.7867268041237113,0.7449664429530202,0.765277342525854,1639.0
1,Mutual_Information_19,Linear_Logistic_SGD_Scaled,19,,,,,,,,,,per_class,DDoS_UDP,1.0,0.9392241379310344,0.9686597021560347,2320.0
1,Mutual_Information_19,Linear_Logistic_SGD_Scaled,19,,,,,,,,,,per_class,Fingerprinting,0.10549777117384844,0.44375,0.17046818727490998,160.0
1,Mutual_Information_19,Linear_Logistic_SGD_Scaled,19,,,,,,,,,,per_class,MITM,1.0,1.0,1.0,64.0
1,Mutual_Information_19,Linear_Logistic_SGD_Scaled,19,,,,,,,,,,per_class,Normal,1.0,1.0,1.0,3888.0
1,Mutual_Information_19,Linear_Logistic_SGD_Scaled,19,,,,,,,,,,per_class,Password,0.4808055380742605,0.4780976220275344,0.4794477565108252,1598.0
1,Mutual_Information_19,Linear_Logistic_SGD_Scaled,19,,,,,,,,,,per_class,Port_Scanning,0.8429189857761287,0.8455334987593052,0.844224218024156,1612.0
1,Mutual_Information_19,Linear_Logistic_SGD_Scaled,19,,,,,,,,,,per_class,Ransomware,0.6127450980392157,0.14302059496567507,0.23191094619666047,1748.0
1,Mutual_Information_19,Linear_Logistic_SGD_Scaled,19,,,,,,,,,,per_class,SQL_injection,0.41211717709720375,0.3751515151515151,0.39276649746192893,1650.0
1,Mutual_Information_19,Linear_Logistic_SGD_Scaled,19,,,,,,,,,,per_class,Uploading,0.5861111111111111,0.6421180766889836,0.6128376415916352,1643.0
1,Mutual_Information_19,Linear_Logistic_SGD_Scaled,19,,,,,,,,,,per_class,Vulnerability_scanner,0.849714648065948,0.8312655086848635,0.8403888366259016,1612.0
1,Mutual_Information_19,Linear_Logistic_SGD_Scaled,19,,,,,,,,,,per_class,XSS,0.5644465740297077,0.7321317588564326,0.6374458874458874,1609.0
1,Random_Forest_Importance_19,Linear_Logistic_SGD_Scaled,19,0.7616450354327574,0.6902683689693209,0.7358243787284972,0.7188347698861027,0.7439076361169437,6.041765601000407,0.040140598000107275,0.0015980809777891263,9824.0,aggregate,,,,,
1,Random_Forest_Importance_19,Linear_Logistic_SGD_Scaled,19,,,,,,,,,,per_class,Backdoor,0.5882352941176471,0.9135499693439607,0.7156580211335254,1631.0
1,Random_Forest_Importance_19,Linear_Logistic_SGD_Scaled,19,,,,,,,,,,per_class,DDoS_HTTP,0.6741573033707865,0.7455621301775148,0.7080640629390277,1690.0
1,Random_Forest_Importance_19,Linear_Logistic_SGD_Scaled,19,,,,,,,,,,per_class,DDoS_ICMP,0.9358759430008382,0.9906832298136646,0.9625,2254.0
1,Random_Forest_Importance_19,Linear_Logistic_SGD_Scaled,19,,,,,,,,,,per_class,DDoS_TCP,0.7893890675241158,0.5991458206223307,0.681234824835241,1639.0
1,Random_Forest_Importance_19,Linear_Logistic_SGD_Scaled,19,,,,,,,,,,per_class,DDoS_UDP,1.0,0.9331896551724138,0.9654403567447046,2320.0
1,Random_Forest_Importance_19,Linear_Logistic_SGD_Scaled,19,,,,,,,,,,per_class,Fingerprinting,0.2512315270935961,0.31875,0.2809917355371901,160.0
1,Random_Forest_Importance_19,Linear_Logistic_SGD_Scaled,19,,,,,,,,,,per_class,MITM,1.0,0.984375,0.9921259842519685,64.0
1,Random_Forest_Importance_19,Linear_Logistic_SGD_Scaled,19,,,,,,,,,,per_class,Normal,1.0,1.0,1.0,3888.0
1,Random_Forest_Importance_19,Linear_Logistic_SGD_Scaled,19,,,,,,,,,,per_class,Password,0.706081081081081,0.13078848560700876,0.22069693769799367,1598.0
1,Random_Forest_Importance_19,Linear_Logistic_SGD_Scaled,19,,,,,,,,,,per_class,Port_Scanning,0.6975335352661186,1.0,0.8218200356869744,1612.0
1,Random_Forest_Importance_19,Linear_Logistic_SGD_Scaled,19,,,,,,,,,,per_class,Ransomware,0.48084291187739464,0.14359267734553777,0.2211453744493392,1748.0
1,Random_Forest_Importance_19,Linear_Logistic_SGD_Scaled,19,,,,,,,,,,per_class,SQL_injection,0.5642701525054467,0.9418181818181818,0.7057220708446867,1650.0
1,Random_Forest_Importance_19,Linear_Logistic_SGD_Scaled,19,,,,,,,,,,per_class,Uploading,0.5779467680608364,0.6475958612294583,0.6107921928817451,1643.0
1,Random_Forest_Importance_19,Linear_Logistic_SGD_Scaled,19,,,,,,,,,,per_class,Vulnerability_scanner,0.8496894409937888,0.8486352357320099,0.8491620111731844,1612.0
1,Random_Forest_Importance_19,Linear_Logistic_SGD_Scaled,19,,,,,,,,,,per_class,XSS,0.6566643405443127,0.5848353014294593,0.618671926364234,1609.0
2,Full_42,Linear_Logistic_SGD_Scaled,42,0.8225177163786925,0.7846270624905497,0.8258223543901544,0.800061826106564,0.8068378286086197,7.791405013000258,0.0465473780004686,0.001853148260230456,13882.0,aggregate,,,,,
2,Full_42,Linear_Logistic_SGD_Scaled,42,,,,,,,,,,per_class,Backdoor,0.9806408544726302,0.9006744328632741,0.9389581335890061,1631.0
2,Full_42,Linear_Logistic_SGD_Scaled,42,,,,,,,,,,per_class,DDoS_HTTP,0.7802985074626866,0.7733727810650888,0.776820208023774,1690.0
2,Full_42,Linear_Logistic_SGD_Scaled,42,,,,,,,,,,per_class,DDoS_ICMP,0.9968368730230457,0.9787045252883763,0.987687486008507,2254.0
2,Full_42,Linear_Logistic_SGD_Scaled,42,,,,,,,,,,per_class,DDoS_TCP,0.8261997405966277,0.7773032336790726,0.8010059729644765,1639.0
2,Full_42,Linear_Logistic_SGD_Scaled,42,,,,,,,,,,per_class,DDoS_UDP,1.0,0.9849137931034483,0.992399565689468,2320.0
2,Full_42,Linear_Logistic_SGD_Scaled,42,,,,,,,,,,per_class,Fingerprinting,0.25783132530120484,0.66875,0.3721739130434783,160.0
2,Full_42,Linear_Logistic_SGD_Scaled,42,,,,,,,,,,per_class,MITM,1.0,1.0,1.0,64.0
2,Full_42,Linear_Logistic_SGD_Scaled,42,,,,,,,,,,per_class,Normal,1.0,1.0,1.0,3889.0
2,Full_42,Linear_Logistic_SGD_Scaled,42,,,,,,,,,,per_class,Password,0.5080960357342267,0.5694618272841051,0.5370315727353201,1598.0
2,Full_42,Linear_Logistic_SGD_Scaled,42,,,,,,,,,,per_class,Port_Scanning,0.7682682682682682,0.9522332506203474,0.850415512465374,1612.0
2,Full_42,Linear_Logistic_SGD_Scaled,42,,,,,,,,,,per_class,Ransomware,0.9695682944090588,0.7837528604118993,0.8668142992723822,1748.0
2,Full_42,Linear_Logistic_SGD_Scaled,42,,,,,,,,,,per_class,SQL_injection,0.48134991119005327,0.49272727272727274,0.48697214734950584,1650.0
2,Full_42,Linear_Logistic_SGD_Scaled,42,,,,,,,,,,per_class,Uploading,0.6713881019830028,0.5769933049300061,0.6206219312602292,1643.0
2,Full_42,Linear_Logistic_SGD_Scaled,42,,,,,,,,,,per_class,Vulnerability_scanner,0.8441158348736907,0.8498759305210918,0.846986089644513,1612.0
2,Full_42,Linear_Logistic_SGD_Scaled,42,,,,,,,,,,per_class,XSS,0.6908752327746741,0.6921641791044776,0.6915191053122087,1608.0
2,Natural_Global_20,Linear_Logistic_SGD_Scaled,20,0.8142766143801258,0.7762752654574985,0.8169849136175915,0.7927558452826987,0.7980998772919689,5.123888731000079,0.037390028000118036,0.0014885750457885993,9932.0,aggregate,,,,,
2,Natural_Global_20,Linear_Logistic_SGD_Scaled,20,,,,,,,,,,per_class,Backdoor,0.9839142091152815,0.9000613120784795,0.9401216778738393,1631.0
2,Natural_Global_20,Linear_Logistic_SGD_Scaled,20,,,,,,,,,,per_class,DDoS_HTTP,0.7954009433962265,0.7982248520710059,0.7968103957471944,1690.0
2,Natural_Global_20,Linear_Logistic_SGD_Scaled,20,,,,,,,,,,per_class,DDoS_ICMP,0.9964028776978417,0.9831410825199645,0.9897275569450648,2254.0
2,Natural_Global_20,Linear_Logistic_SGD_Scaled,20,,,,,,,,,,per_class,DDoS_TCP,0.8215931533903884,0.7614399023794997,0.7903736542115262,1639.0
2,Natural_Global_20,Linear_Logistic_SGD_Scaled,20,,,,,,,,,,per_class,DDoS_UDP,1.0,0.9836206896551725,0.9917427205562799,2320.0
2,Natural_Global_20,Linear_Logistic_SGD_Scaled,20,,,,,,,,,,per_class,Fingerprinting,0.2669902912621359,0.6875,0.3846153846153846,160.0
2,Natural_Global_20,Linear_Logistic_SGD_Scaled,20,,,,,,,,,,per_class,MITM,1.0,1.0,1.0,64.0
2,Natural_Global_20,Linear_Logistic_SGD_Scaled,20,,,,,,,,,,per_class,Normal,1.0,1.0,1.0,3889.0
2,Natural_Global_20,Linear_Logistic_SGD_Scaled,20,,,,,,,,,,per_class,Password,0.46081208687440983,0.6107634543178974,0.5252960172228203,1598.0
2,Natural_Global_20,Linear_Logistic_SGD_Scaled,20,,,,,,,,,,per_class,Port_Scanning,0.7581441263573544,0.9528535980148883,0.8444200109950523,1612.0
2,Natural_Global_20,Linear_Logistic_SGD_Scaled,20,,,,,,,,,,per_class,Ransomware,0.9723207948899929,0.7837528604118993,0.8679125752296484,1748.0
2,Natural_Global_20,Linear_Logistic_SGD_Scaled,20,,,,,,,,,,per_class,SQL_injection,0.42924847664184157,0.3842424242424242,0.4055004796929965,1650.0
2,Natural_Global_20,Linear_Logistic_SGD_Scaled,20,,,,,,,,,,per_class,Uploading,0.654320987654321,0.5161290322580645,0.5770670296019054,1643.0
2,Natural_Global_20,Linear_Logistic_SGD_Scaled,20,,,,,,,,,,per_class,Vulnerability_scanner,0.8437306979617047,0.847394540942928,0.8455586505725782,1612.0
2,Natural_Global_20,Linear_Logistic_SGD_Scaled,20,,,,,,,,,,per_class,XSS,0.6877742946708464,0.6822139303482587,0.6849828285981893,1608.0
2,Class_Balanced_15,Linear_Logistic_SGD_Scaled,15,0.8172227088143961,0.77400482550642,0.8169092469147144,0.7786737235624532,0.8018137839012806,4.56211825399987,0.03050376899955154,0.0012144187037005946,8659.0,aggregate,,,,,
2,Class_Balanced_15,Linear_Logistic_SGD_Scaled,15,,,,,,,,,,per_class,Backdoor,0.978,0.8994481912936848,0.937080804854679,1631.0
2,Class_Balanced_15,Linear_Logistic_SGD_Scaled,15,,,,,,,,,,per_class,DDoS_HTTP,0.7359512525389302,0.6431952662721894,0.686454057467635,1690.0
2,Class_Balanced_15,Linear_Logistic_SGD_Scaled,15,,,,,,,,,,per_class,DDoS_ICMP,0.9577039274924471,0.984472049689441,0.9709035222052068,2254.0
2,Class_Balanced_15,Linear_Logistic_SGD_Scaled,15,,,,,,,,,,per_class,DDoS_TCP,0.8835477318889641,0.7962172056131788,0.8376123234916559,1639.0
2,Class_Balanced_15,Linear_Logistic_SGD_Scaled,15,,,,,,,,,,per_class,DDoS_UDP,0.9986301369863013,0.9426724137931034,0.9698447893569845,2320.0
2,Class_Balanced_15,Linear_Logistic_SGD_Scaled,15,,,,,,,,,,per_class,Fingerprinting,0.2897196261682243,0.3875,0.3315508021390374,160.0
2,Class_Balanced_15,Linear_Logistic_SGD_Scaled,15,,,,,,,,,,per_class,MITM,1.0,1.0,1.0,64.0
2,Class_Balanced_15,Linear_Logistic_SGD_Scaled,15,,,,,,,,,,per_class,Normal,1.0,1.0,1.0,3889.0
2,Class_Balanced_15,Linear_Logistic_SGD_Scaled,15,,,,,,,,,,per_class,Password,0.5205371248025277,0.4123904881101377,0.460195530726257,1598.0
2,Class_Balanced_15,Linear_Logistic_SGD_Scaled,15,,,,,,,,,,per_class,Port_Scanning,0.7083700440528634,0.9975186104218362,0.8284389489953632,1612.0
2,Class_Balanced_15,Linear_Logistic_SGD_Scaled,15,,,,,,,,,,per_class,Ransomware,0.9806590257879656,0.7831807780320366,0.8708651399491094,1748.0
2,Class_Balanced_15,Linear_Logistic_SGD_Scaled,15,,,,,,,,,,per_class,SQL_injection,0.540187678498572,0.8024242424242424,0.6456961716654475,1650.0
2,Class_Balanced_15,Linear_Logistic_SGD_Scaled,15,,,,,,,,,,per_class,Uploading,0.7035775127768313,0.5027388922702374,0.5864394746183883,1643.0
2,Class_Balanced_15,Linear_Logistic_SGD_Scaled,15,,,,,,,,,,per_class,Vulnerability_scanner,0.8442673206621705,0.8542183622828784,0.8492136910268271,1612.0
2,Class_Balanced_15,Linear_Logistic_SGD_Scaled,15,,,,,,,,,,per_class,XSS,0.6015538290788013,0.6741293532338308,0.6357771260997067,1608.0
2,Stable_Balanced_Core,Linear_Logistic_SGD_Scaled,14,0.7805557767338164,0.7196611700736428,0.7636087231025233,0.742598868103856,0.7638362530566187,4.556726871000137,0.02973574899988307,0.0011838422246947635,8452.0,aggregate,,,,,
2,Stable_Balanced_Core,Linear_Logistic_SGD_Scaled,14,,,,,,,,,,per_class,Backdoor,0.6766304347826086,0.9160024524831392,0.7783276895024746,1631.0
2,Stable_Balanced_Core,Linear_Logistic_SGD_Scaled,14,,,,,,,,,,per_class,DDoS_HTTP,0.741869918699187,0.6479289940828402,0.691724573594441,1690.0
2,Stable_Balanced_Core,Linear_Logistic_SGD_Scaled,14,,,,,,,,,,per_class,DDoS_ICMP,0.957345971563981,0.9858030168589175,0.9713661202185793,2254.0
2,Stable_Balanced_Core,Linear_Logistic_SGD_Scaled,14,,,,,,,,,,per_class,DDoS_TCP,0.8132387706855791,0.6296522269676632,0.7097661623108665,1639.0
2,Stable_Balanced_Core,Linear_Logistic_SGD_Scaled,14,,,,,,,,,,per_class,DDoS_UDP,0.9986357435197817,0.946551724137931,0.9718964372648815,2320.0
2,Stable_Balanced_Core,Linear_Logistic_SGD_Scaled,14,,,,,,,,,,per_class,Fingerprinting,0.25833333333333336,0.3875,0.31,160.0
2,Stable_Balanced_Core,Linear_Logistic_SGD_Scaled,14,,,,,,,,,,per_class,MITM,1.0,1.0,1.0,64.0
2,Stable_Balanced_Core,Linear_Logistic_SGD_Scaled,14,,,,,,,,,,per_class,Normal,1.0,1.0,1.0,3889.0
2,Stable_Balanced_Core,Linear_Logistic_SGD_Scaled,14,,,,,,,,,,per_class,Password,0.6965699208443272,0.16520650813516896,0.26707132018209406,1598.0
2,Stable_Balanced_Core,Linear_Logistic_SGD_Scaled,14,,,,,,,,,,per_class,Port_Scanning,0.6986123156981786,0.999379652605459,0.8223583460949463,1612.0
2,Stable_Balanced_Core,Linear_Logistic_SGD_Scaled,14,,,,,,,,,,per_class,Ransomware,0.6918392204628502,0.32494279176201374,0.44219540677306346,1748.0
2,Stable_Balanced_Core,Linear_Logistic_SGD_Scaled,14,,,,,,,,,,per_class,SQL_injection,0.5651402200922968,0.9648484848484848,0.7127826281620775,1650.0
2,Stable_Balanced_Core,Linear_Logistic_SGD_Scaled,14,,,,,,,,,,per_class,Uploading,0.6188790560471976,0.6384662203286671,0.6285200718993408,1643.0
2,Stable_Balanced_Core,Linear_Logistic_SGD_Scaled,14,,,,,,,,,,per_class,Vulnerability_scanner,0.8442673206621705,0.8542183622828784,0.8492136910268271,1612.0
2,Stable_Balanced_Core,Linear_Logistic_SGD_Scaled,14,,,,,,,,,,per_class,XSS,0.6051026067665003,0.6784825870646766,0.6396951040750513,1608.0
2,Stable_Minority_Only,Linear_Logistic_SGD_Scaled,14,0.6032327414603074,0.5450546952785309,0.5676104126798335,0.5591877550677435,0.5678401897214458,4.109176379999553,0.022875818999636977,0.0009107340950568109,7588.0,aggregate,,,,,
2,Stable_Minority_Only,Linear_Logistic_SGD_Scaled,14,,,,,,,,,,per_class,Backdoor,0.0730593607305936,0.009809932556713672,0.017297297297297298,1631.0
2,Stable_Minority_Only,Linear_Logistic_SGD_Scaled,14,,,,,,,,,,per_class,DDoS_HTTP,0.33424209378407854,0.36272189349112427,0.347900113507378,1690.0
2,Stable_Minority_Only,Linear_Logistic_SGD_Scaled,14,,,,,,,,,,per_class,DDoS_ICMP,0.9524647887323944,0.9600709849157054,0.9562527618205922,2254.0
2,Stable_Minority_Only,Linear_Logistic_SGD_Scaled,14,,,,,,,,,,per_class,DDoS_TCP,0.7478849407783418,0.5393532641854789,0.6267281105990784,1639.0
2,Stable_Minority_Only,Linear_Logistic_SGD_Scaled,14,,,,,,,,,,per_class,DDoS_UDP,0.7513210039630119,0.9806034482758621,0.8507853403141361,2320.0
2,Stable_Minority_Only,Linear_Logistic_SGD_Scaled,14,,,,,,,,,,per_class,Fingerprinting,0.575,0.14375,0.22999999999999995,160.0
2,Stable_Minority_Only,Linear_Logistic_SGD_Scaled,14,,,,,,,,,,per_class,MITM,1.0,1.0,1.0,64.0
2,Stable_Minority_Only,Linear_Logistic_SGD_Scaled,14,,,,,,,,,,per_class,Normal,0.6028673835125448,0.8650038570326563,0.7105290949413877,3889.0
2,Stable_Minority_Only,Linear_Logistic_SGD_Scaled,14,,,,,,,,,,per_class,Password,0.3720524017467249,0.2665832290362954,0.31060882245716365,1598.0
2,Stable_Minority_Only,Linear_Logistic_SGD_Scaled,14,,,,,,,,,,per_class,Port_Scanning,0.7602368031573754,0.955955334987593,0.84693597142072,1612.0
2,Stable_Minority_Only,Linear_Logistic_SGD_Scaled,14,,,,,,,,,,per_class,Ransomware,0.7491712707182321,0.3878718535469107,0.5111194873727855,1748.0
2,Stable_Minority_Only,Linear_Logistic_SGD_Scaled,14,,,,,,,,,,per_class,SQL_injection,0.2759838546922301,0.33151515151515154,0.30121145374449343,1650.0
2,Stable_Minority_Only,Linear_Logistic_SGD_Scaled,14,,,,,,,,,,per_class,Uploading,0.3451443569553806,0.16007303712720633,0.2187110187110187,1643.0
2,Stable_Minority_Only,Linear_Logistic_SGD_Scaled,14,,,,,,,,,,per_class,Vulnerability_scanner,0.6119803308001788,0.8492555831265509,0.7113535983372306,1612.0
2,Stable_Minority_Only,Linear_Logistic_SGD_Scaled,14,,,,,,,,,,per_class,XSS,0.5024443237370994,0.5752487562189055,0.5363873586546823,1608.0
2,CS_SHAP_Union,Linear_Logistic_SGD_Scaled,18,0.7728322318655944,0.6953692294474147,0.7508239799639855,0.718415062145129,0.7558312578743583,5.484277558999565,0.03271028800008935,0.001302264830005946,9222.0,aggregate,,,,,
2,CS_SHAP_Union,Linear_Logistic_SGD_Scaled,18,,,,,,,,,,per_class,Backdoor,0.6149710504549214,0.911710606989577,0.7345023462583354,1631.0
2,CS_SHAP_Union,Linear_Logistic_SGD_Scaled,18,,,,,,,,,,per_class,DDoS_HTTP,0.7501706484641638,0.6502958579881657,0.6966719492868463,1690.0
2,CS_SHAP_Union,Linear_Logistic_SGD_Scaled,18,,,,,,,,,,per_class,DDoS_ICMP,0.9449851883199323,0.9906832298136646,0.9672947801602773,2254.0
2,CS_SHAP_Union,Linear_Logistic_SGD_Scaled,18,,,,,,,,,,per_class,DDoS_TCP,0.8151260504201681,0.6510067114093959,0.7238805970149255,1639.0
2,CS_SHAP_Union,Linear_Logistic_SGD_Scaled,18,,,,,,,,,,per_class,DDoS_UDP,0.9977426636568849,0.9525862068965517,0.9746416758544653,2320.0
2,CS_SHAP_Union,Linear_Logistic_SGD_Scaled,18,,,,,,,,,,per_class,Fingerprinting,0.11392405063291139,0.1125,0.11320754716981134,160.0
2,CS_SHAP_Union,Linear_Logistic_SGD_Scaled,18,,,,,,,,,,per_class,MITM,1.0,1.0,1.0,64.0
2,CS_SHAP_Union,Linear_Logistic_SGD_Scaled,18,,,,,,,,,,per_class,Normal,1.0,1.0,1.0,3889.0
2,CS_SHAP_Union,Linear_Logistic_SGD_Scaled,18,,,,,,,,,,per_class,Password,0.6736842105263158,0.16020025031289112,0.25884732052578363,1598.0
2,CS_SHAP_Union,Linear_Logistic_SGD_Scaled,18,,,,,,,,,,per_class,Port_Scanning,0.6969303934284479,1.0,0.8214012738853503,1612.0
2,CS_SHAP_Union,Linear_Logistic_SGD_Scaled,18,,,,,,,,,,per_class,Ransomware,0.6054421768707483,0.2036613272311213,0.3047945205479452,1748.0
2,CS_SHAP_Union,Linear_Logistic_SGD_Scaled,18,,,,,,,,,,per_class,SQL_injection,0.5644932671863926,0.9654545454545455,0.712432915921288,1650.0
2,CS_SHAP_Union,Linear_Logistic_SGD_Scaled,18,,,,,,,,,,per_class,Uploading,0.6157489638839551,0.6329884357881923,0.624249699879952,1643.0
2,CS_SHAP_Union,Linear_Logistic_SGD_Scaled,18,,,,,,,,,,per_class,Vulnerability_scanner,0.8447852760736196,0.8542183622828784,0.8494756323257249,1612.0
2,CS_SHAP_Union,Linear_Logistic_SGD_Scaled,18,,,,,,,,,,per_class,XSS,0.6121212121212121,0.6909203980099502,0.6491381828805141,1608.0
2,Mutual_Information_19,Linear_Logistic_SGD_Scaled,19,0.7868858985588024,0.7433882819569017,0.7864084585408406,0.7474480294790021,0.768306684718127,5.743384931999572,0.04161057900000742,0.0016566039891714077,9834.0,aggregate,,,,,
2,Mutual_Information_19,Linear_Logistic_SGD_Scaled,19,,,,,,,,,,per_class,Backdoor,0.8399258343634116,0.8332311465358676,0.8365650969529087,1631.0
2,Mutual_Information_19,Linear_Logistic_SGD_Scaled,19,,,,,,,,,,per_class,DDoS_HTTP,0.7708674304418985,0.557396449704142,0.646978021978022,1690.0
2,Mutual_Information_19,Linear_Logistic_SGD_Scaled,19,,,,,,,,,,per_class,DDoS_ICMP,0.9853398489560196,0.9840283939662822,0.9846836847946726,2254.0
2,Mutual_Information_19,Linear_Logistic_SGD_Scaled,19,,,,,,,,,,per_class,DDoS_TCP,0.9487617421007686,0.6778523489932886,0.790747330960854,1639.0
2,Mutual_Information_19,Linear_Logistic_SGD_Scaled,19,,,,,,,,,,per_class,DDoS_UDP,0.9947460595446584,0.9793103448275862,0.9869678540399652,2320.0
2,Mutual_Information_19,Linear_Logistic_SGD_Scaled,19,,,,,,,,,,per_class,Fingerprinting,0.3054187192118227,0.3875,0.3415977961432507,160.0
2,Mutual_Information_19,Linear_Logistic_SGD_Scaled,19,,,,,,,,,,per_class,MITM,1.0,1.0,1.0,64.0
2,Mutual_Information_19,Linear_Logistic_SGD_Scaled,19,,,,,,,,,,per_class,Normal,1.0,1.0,1.0,3889.0
2,Mutual_Information_19,Linear_Logistic_SGD_Scaled,19,,,,,,,,,,per_class,Password,0.5053404539385847,0.4737171464330413,0.48901808785529716,1598.0
2,Mutual_Information_19,Linear_Logistic_SGD_Scaled,19,,,,,,,,,,per_class,Port_Scanning,0.7212012550425818,0.9981389578163772,0.8373666406453292,1612.0
2,Mutual_Information_19,Linear_Logistic_SGD_Scaled,19,,,,,,,,,,per_class,Ransomware,0.7708592777085927,0.7082379862700229,0.7382230172927847,1748.0
2,Mutual_Information_19,Linear_Logistic_SGD_Scaled,19,,,,,,,,,,per_class,SQL_injection,0.4398713826366559,0.41454545454545455,0.4268330733229329,1650.0
2,Mutual_Information_19,Linear_Logistic_SGD_Scaled,19,,,,,,,,,,per_class,Uploading,0.5788900979325353,0.6475958612294583,0.6113185866130423,1643.0
2,Mutual_Information_19,Linear_Logistic_SGD_Scaled,19,,,,,,,,,,per_class,Vulnerability_scanner,0.8414786967418546,0.8331265508684863,0.837281795511222,1612.0
2,Mutual_Information_19,Linear_Logistic_SGD_Scaled,19,,,,,,,,,,per_class,XSS,0.5511472275334608,0.7170398009950248,0.6232432432432432,1608.0
2,Random_Forest_Importance_19,Linear_Logistic_SGD_Scaled,19,0.768413090214189,0.7262842023965814,0.7675527247608999,0.7312769138506794,0.7483149988427807,6.451882377000402,0.03805959900000744,0.0015152320646551253,9824.0,aggregate,,,,,
2,Random_Forest_Importance_19,Linear_Logistic_SGD_Scaled,19,,,,,,,,,,per_class,Backdoor,0.8029239766081872,0.841814837522992,0.8219096079018259,1631.0
2,Random_Forest_Importance_19,Linear_Logistic_SGD_Scaled,19,,,,,,,,,,per_class,DDoS_HTTP,0.7229299363057324,0.5372781065088758,0.6164290563475898,1690.0
2,Random_Forest_Importance_19,Linear_Logistic_SGD_Scaled,19,,,,,,,,,,per_class,DDoS_ICMP,0.9849023090586145,0.9840283939662822,0.9844651575676875,2254.0
2,Random_Forest_Importance_19,Linear_Logistic_SGD_Scaled,19,,,,,,,,,,per_class,DDoS_TCP,0.8141524105754276,0.6388041488712629,0.7158974358974358,1639.0
2,Random_Forest_Importance_19,Linear_Logistic_SGD_Scaled,19,,,,,,,,,,per_class,DDoS_UDP,0.9947483588621444,0.9797413793103448,0.9871878393051031,2320.0
2,Random_Forest_Importance_19,Linear_Logistic_SGD_Scaled,19,,,,,,,,,,per_class,Fingerprinting,0.3284313725490196,0.41875,0.36813186813186816,160.0
2,Random_Forest_Importance_19,Linear_Logistic_SGD_Scaled,19,,,,,,,,,,per_class,MITM,1.0,1.0,1.0,64.0
2,Random_Forest_Importance_19,Linear_Logistic_SGD_Scaled,19,,,,,,,,,,per_class,Normal,1.0,1.0,1.0,3889.0
2,Random_Forest_Importance_19,Linear_Logistic_SGD_Scaled,19,,,,,,,,,,per_class,Password,0.4116222760290557,0.5319148936170213,0.46410046410046407,1598.0
2,Random_Forest_Importance_19,Linear_Logistic_SGD_Scaled,19,,,,,,,,,,per_class,Port_Scanning,0.7208258527827648,0.9962779156327544,0.8364583333333333,1612.0
2,Random_Forest_Importance_19,Linear_Logistic_SGD_Scaled,19,,,,,,,,,,per_class,Ransomware,0.6904932094353109,0.5526315789473685,0.6139180171591991,1748.0
2,Random_Forest_Importance_19,Linear_Logistic_SGD_Scaled,19,,,,,,,,,,per_class,SQL_injection,0.4379746835443038,0.4193939393939394,0.4284829721362229,1650.0
2,Random_Forest_Importance_19,Linear_Logistic_SGD_Scaled,19,,,,,,,,,,per_class,Uploading,0.6934189406099518,0.5258673158855751,0.5981308411214953,1643.0
2,Random_Forest_Importance_19,Linear_Logistic_SGD_Scaled,19,,,,,,,,,,per_class,Vulnerability_scanner,0.8453038674033149,0.8542183622828784,0.8497377352668929,1612.0
2,Random_Forest_Importance_19,Linear_Logistic_SGD_Scaled,19,,,,,,,,,,per_class,XSS,0.5466666666666666,0.6884328358208955,0.6094137076796036,1608.0
3,Full_42,Linear_Logistic_SGD_Scaled,42,0.833067919420336,0.7901485941415032,0.8289097201645351,0.8100570783742653,0.8195770041649281,7.767060651000065,0.05103778800003056,0.0020319208535723612,13728.0,aggregate,,,,,
3,Full_42,Linear_Logistic_SGD_Scaled,42,,,,,,,,,,per_class,Backdoor,0.981320880587058,0.9019006744328633,0.9399361022364217,1631.0
3,Full_42,Linear_Logistic_SGD_Scaled,42,,,,,,,,,,per_class,DDoS_HTTP,0.7782991202346041,0.785207100591716,0.7817378497790868,1690.0
3,Full_42,Linear_Logistic_SGD_Scaled,42,,,,,,,,,,per_class,DDoS_ICMP,0.9972887483054677,0.979148181011535,0.9881352137900157,2254.0
3,Full_42,Linear_Logistic_SGD_Scaled,42,,,,,,,,,,per_class,DDoS_TCP,0.8041825095057035,0.7737804878048781,0.7886886264760722,1640.0
3,Full_42,Linear_Logistic_SGD_Scaled,42,,,,,,,,,,per_class,DDoS_UDP,1.0,0.9931004743423889,0.9965382951103418,2319.0
3,Full_42,Linear_Logistic_SGD_Scaled,42,,,,,,,,,,per_class,Fingerprinting,0.30422535211267604,0.6708074534161491,0.4186046511627907,161.0
3,Full_42,Linear_Logistic_SGD_Scaled,42,,,,,,,,,,per_class,MITM,1.0,1.0,1.0,64.0
3,Full_42,Linear_Logistic_SGD_Scaled,42,,,,,,,,,,per_class,Normal,1.0,1.0,1.0,3888.0
3,Full_42,Linear_Logistic_SGD_Scaled,42,,,,,,,,,,per_class,Password,0.7971014492753623,0.2409261576971214,0.3700144161460836,1598.0
3,Full_42,Linear_Logistic_SGD_Scaled,42,,,,,,,,,,per_class,Port_Scanning,0.772410358565737,0.962756052141527,0.8571428571428571,1611.0
3,Full_42,Linear_Logistic_SGD_Scaled,42,,,,,,,,,,per_class,Ransomware,0.9723011363636364,0.7831807780320366,0.867553865652725,1748.0
3,Full_42,Linear_Logistic_SGD_Scaled,42,,,,,,,,,,per_class,SQL_injection,0.5632087358252835,0.8127272727272727,0.6653435871992062,1650.0
3,Full_42,Linear_Logistic_SGD_Scaled,42,,,,,,,,,,per_class,Uploading,0.5564874198322645,0.6865489957395009,0.6147138964577656,1643.0
3,Full_42,Linear_Logistic_SGD_Scaled,42,,,,,,,,,,per_class,Vulnerability_scanner,0.8523780111179741,0.8555486670799752,0.8539603960396039,1613.0
3,Full_42,Linear_Logistic_SGD_Scaled,42,,,,,,,,,,per_class,XSS,0.7145557655954632,0.7052238805970149,0.7098591549295775,1608.0
3,Natural_Global_20,Linear_Logistic_SGD_Scaled,20,0.7981925312524882,0.7567088720131606,0.8008401926659213,0.7846108125265399,0.7812752053665731,5.117747123000299,0.03921658900071634,0.0015612942511631636,9778.0,aggregate,,,,,
3,Natural_Global_20,Linear_Logistic_SGD_Scaled,20,,,,,,,,,,per_class,Backdoor,0.9874723655121592,0.82158185162477,0.8969210174029452,1631.0
3,Natural_Global_20,Linear_Logistic_SGD_Scaled,20,,,,,,,,,,per_class,DDoS_HTTP,0.8085748792270532,0.7923076923076923,0.8003586371787209,1690.0
3,Natural_Global_20,Linear_Logistic_SGD_Scaled,20,,,,,,,,,,per_class,DDoS_ICMP,0.9972260748959778,0.9569653948535937,0.9766810052071543,2254.0
3,Natural_Global_20,Linear_Logistic_SGD_Scaled,20,,,,,,,,,,per_class,DDoS_TCP,0.8022886204704387,0.7695121951219512,0.7855586679116091,1640.0
3,Natural_Global_20,Linear_Logistic_SGD_Scaled,20,,,,,,,,,,per_class,DDoS_UDP,1.0,0.9870633893919794,0.9934895833333334,2319.0
3,Natural_Global_20,Linear_Logistic_SGD_Scaled,20,,,,,,,,,,per_class,Fingerprinting,0.20278637770897834,0.8136645962732919,0.3246592317224288,161.0
3,Natural_Global_20,Linear_Logistic_SGD_Scaled,20,,,,,,,,,,per_class,MITM,1.0,1.0,1.0,64.0
3,Natural_Global_20,Linear_Logistic_SGD_Scaled,20,,,,,,,,,,per_class,Normal,1.0,1.0,1.0,3888.0
3,Natural_Global_20,Linear_Logistic_SGD_Scaled,20,,,,,,,,,,per_class,Password,0.4312,0.6745932415519399,0.5261102977061981,1598.0
3,Natural_Global_20,Linear_Logistic_SGD_Scaled,20,,,,,,,,,,per_class,Port_Scanning,0.8005602240896359,0.8870266914959652,0.8415783274440518,1611.0
3,Natural_Global_20,Linear_Logistic_SGD_Scaled,20,,,,,,,,,,per_class,Ransomware,0.8833010960670535,0.7837528604118993,0.8305547135495605,1748.0
3,Natural_Global_20,Linear_Logistic_SGD_Scaled,20,,,,,,,,,,per_class,SQL_injection,0.32193732193732194,0.20545454545454545,0.25083240843507215,1650.0
3,Natural_Global_20,Linear_Logistic_SGD_Scaled,20,,,,,,,,,,per_class,Uploading,0.6502242152466368,0.5295191722458916,0.5836967460583696,1643.0
3,Natural_Global_20,Linear_Logistic_SGD_Scaled,20,,,,,,,,,,per_class,Vulnerability_scanner,0.8504326328800988,0.8530688158710478,0.8517486846177653,1613.0
3,Natural_Global_20,Linear_Logistic_SGD_Scaled,20,,,,,,,,,,per_class,XSS,0.6823457544288333,0.6946517412935324,0.6884437596302003,1608.0
3,Class_Balanced_15,Linear_Logistic_SGD_Scaled,15,0.8048809618600207,0.7638373990245874,0.8008358678931987,0.7766981972780794,0.7890027620679596,4.360530228999778,0.03315990899955068,0.0013201651803308654,8496.0,aggregate,,,,,
3,Class_Balanced_15,Linear_Logistic_SGD_Scaled,15,,,,,,,,,,per_class,Backdoor,0.740096618357488,0.9393010423053342,0.8278843555795732,1631.0
3,Class_Balanced_15,Linear_Logistic_SGD_Scaled,15,,,,,,,,,,per_class,DDoS_HTTP,0.6472506989748369,0.8218934911242604,0.7241918665276329,1690.0
3,Class_Balanced_15,Linear_Logistic_SGD_Scaled,15,,,,,,,,,,per_class,DDoS_ICMP,0.9804791481810116,0.9804791481810116,0.9804791481810116,2254.0
3,Class_Balanced_15,Linear_Logistic_SGD_Scaled,15,,,,,,,,,,per_class,DDoS_TCP,0.9008683068017366,0.7591463414634146,0.8239576439444076,1640.0
3,Class_Balanced_15,Linear_Logistic_SGD_Scaled,15,,,,,,,,,,per_class,DDoS_UDP,0.9981867633726201,0.9495472186287193,0.9732596685082874,2319.0
3,Class_Balanced_15,Linear_Logistic_SGD_Scaled,15,,,,,,,,,,per_class,Fingerprinting,0.34765625,0.5527950310559007,0.42685851318944845,161.0
3,Class_Balanced_15,Linear_Logistic_SGD_Scaled,15,,,,,,,,,,per_class,MITM,1.0,1.0,1.0,64.0
3,Class_Balanced_15,Linear_Logistic_SGD_Scaled,15,,,,,,,,,,per_class,Normal,1.0,1.0,1.0,3888.0
3,Class_Balanced_15,Linear_Logistic_SGD_Scaled,15,,,,,,,,,,per_class,Password,0.5614591593973037,0.4430538172715895,0.4952780692549843,1598.0
3,Class_Balanced_15,Linear_Logistic_SGD_Scaled,15,,,,,,,,,,per_class,Port_Scanning,0.6990418118466899,0.9962756052141527,0.8216022523675455,1611.0
3,Class_Balanced_15,Linear_Logistic_SGD_Scaled,15,,,,,,,,,,per_class,Ransomware,0.9677777777777777,0.4982837528604119,0.6578549848942598,1748.0
3,Class_Balanced_15,Linear_Logistic_SGD_Scaled,15,,,,,,,,,,per_class,SQL_injection,0.5496575342465754,0.7781818181818182,0.6442548921224285,1650.0
3,Class_Balanced_15,Linear_Logistic_SGD_Scaled,15,,,,,,,,,,per_class,Uploading,0.7194744976816074,0.566646378575776,0.6339802519577801,1643.0
3,Class_Balanced_15,Linear_Logistic_SGD_Scaled,15,,,,,,,,,,per_class,Vulnerability_scanner,0.8511685116851169,0.8580285182889027,0.8545847483791293,1613.0
3,Class_Balanced_15,Linear_Logistic_SGD_Scaled,15,,,,,,,,,,per_class,XSS,0.7155399473222125,0.5068407960199005,0.5933745904623225,1608.0
3,Stable_Balanced_Core,Linear_Logistic_SGD_Scaled,15,0.8048411497730711,0.7637942896995337,0.8007938859443187,0.7766567379082617,0.7889619037460088,4.665045249999821,0.03332913799931703,0.0013269025399839569,8496.0,aggregate,,,,,
3,Stable_Balanced_Core,Linear_Logistic_SGD_Scaled,15,,,,,,,,,,per_class,Backdoor,0.740096618357488,0.9393010423053342,0.8278843555795732,1631.0
3,Stable_Balanced_Core,Linear_Logistic_SGD_Scaled,15,,,,,,,,,,per_class,DDoS_HTTP,0.6469492314857941,0.8218934911242604,0.7240031274433151,1690.0
3,Stable_Balanced_Core,Linear_Logistic_SGD_Scaled,15,,,,,,,,,,per_class,DDoS_ICMP,0.9804791481810116,0.9804791481810116,0.9804791481810116,2254.0
3,Stable_Balanced_Core,Linear_Logistic_SGD_Scaled,15,,,,,,,,,,per_class,DDoS_TCP,0.9008683068017366,0.7591463414634146,0.8239576439444076,1640.0
3,Stable_Balanced_Core,Linear_Logistic_SGD_Scaled,15,,,,,,,,,,per_class,DDoS_UDP,0.9981867633726201,0.9495472186287193,0.9732596685082874,2319.0
3,Stable_Balanced_Core,Linear_Logistic_SGD_Scaled,15,,,,,,,,,,per_class,Fingerprinting,0.34765625,0.5527950310559007,0.42685851318944845,161.0
3,Stable_Balanced_Core,Linear_Logistic_SGD_Scaled,15,,,,,,,,,,per_class,MITM,1.0,1.0,1.0,64.0
3,Stable_Balanced_Core,Linear_Logistic_SGD_Scaled,15,,,,,,,,,,per_class,Normal,1.0,1.0,1.0,3888.0
3,Stable_Balanced_Core,Linear_Logistic_SGD_Scaled,15,,,,,,,,,,per_class,Password,0.5614591593973037,0.4430538172715895,0.4952780692549843,1598.0
3,Stable_Balanced_Core,Linear_Logistic_SGD_Scaled,15,,,,,,,,,,per_class,Port_Scanning,0.6990418118466899,0.9962756052141527,0.8216022523675455,1611.0
3,Stable_Balanced_Core,Linear_Logistic_SGD_Scaled,15,,,,,,,,,,per_class,Ransomware,0.9677777777777777,0.4982837528604119,0.6578549848942598,1748.0
3,Stable_Balanced_Core,Linear_Logistic_SGD_Scaled,15,,,,,,,,,,per_class,SQL_injection,0.5494223363286265,0.7781818181818182,0.6440933032355155,1650.0
3,Stable_Balanced_Core,Linear_Logistic_SGD_Scaled,15,,,,,,,,,,per_class,Uploading,0.720030935808198,0.566646378575776,0.6341961852861036,1643.0
3,Stable_Balanced_Core,Linear_Logistic_SGD_Scaled,15,,,,,,,,,,per_class,Vulnerability_scanner,0.8511685116851169,0.8580285182889027,0.8545847483791293,1613.0
3,Stable_Balanced_Core,Linear_Logistic_SGD_Scaled,15,,,,,,,,,,per_class,XSS,0.7152899824253075,0.5062189054726368,0.5928623452294246,1608.0
3,Stable_Minority_Only,Linear_Logistic_SGD_Scaled,14,0.6412134724102238,0.5768103577361751,0.601059680274026,0.6194792416080293,0.6116249749878694,4.615172089000225,0.02447114899950975,0.0009742475117250477,7448.0,aggregate,,,,,
3,Stable_Minority_Only,Linear_Logistic_SGD_Scaled,14,,,,,,,,,,per_class,Backdoor,0.0,0.0,0.0,1631.0
3,Stable_Minority_Only,Linear_Logistic_SGD_Scaled,14,,,,,,,,,,per_class,DDoS_HTTP,0.48294346978557506,0.5863905325443787,0.5296632816675575,1690.0
3,Stable_Minority_Only,Linear_Logistic_SGD_Scaled,14,,,,,,,,,,per_class,DDoS_ICMP,0.9749328558639212,0.966282165039929,0.9705882352941175,2254.0
3,Stable_Minority_Only,Linear_Logistic_SGD_Scaled,14,,,,,,,,,,per_class,DDoS_TCP,0.7863167760074976,0.5115853658536585,0.6198743997044698,1640.0
3,Stable_Minority_Only,Linear_Logistic_SGD_Scaled,14,,,,,,,,,,per_class,DDoS_UDP,0.8902870625245772,0.9762828805519621,0.9313039901275196,2319.0
3,Stable_Minority_Only,Linear_Logistic_SGD_Scaled,14,,,,,,,,,,per_class,Fingerprinting,0.17836812144212524,0.5838509316770186,0.27325581395348836,161.0
3,Stable_Minority_Only,Linear_Logistic_SGD_Scaled,14,,,,,,,,,,per_class,MITM,1.0,1.0,1.0,64.0
3,Stable_Minority_Only,Linear_Logistic_SGD_Scaled,14,,,,,,,,,,per_class,Normal,0.6087182148417228,0.9050925925925926,0.727893267142414,3888.0
3,Stable_Minority_Only,Linear_Logistic_SGD_Scaled,14,,,,,,,,,,per_class,Password,0.461038961038961,0.22215269086357947,0.2998310810810811,1598.0
3,Stable_Minority_Only,Linear_Logistic_SGD_Scaled,14,,,,,,,,,,per_class,Port_Scanning,0.7846575342465754,0.8888888888888888,0.8335273573923165,1611.0
3,Stable_Minority_Only,Linear_Logistic_SGD_Scaled,14,,,,,,,,,,per_class,Ransomware,0.712156862745098,0.5194508009153318,0.6007277538868673,1748.0
3,Stable_Minority_Only,Linear_Logistic_SGD_Scaled,14,,,,,,,,,,per_class,SQL_injection,0.42057188244638605,0.6418181818181818,0.5081573896353168,1650.0
3,Stable_Minority_Only,Linear_Logistic_SGD_Scaled,14,,,,,,,,,,per_class,Uploading,0.25879396984924624,0.06269020085209982,0.10093091621754044,1643.0
3,Stable_Minority_Only,Linear_Logistic_SGD_Scaled,14,,,,,,,,,,per_class,Vulnerability_scanner,0.6396270396270396,0.8505889646621203,0.7301756253326237,1613.0
3,Stable_Minority_Only,Linear_Logistic_SGD_Scaled,14,,,,,,,,,,per_class,XSS,0.4835852006253257,0.5771144278606966,0.526226254607315,1608.0
3,CS_SHAP_Union,Linear_Logistic_SGD_Scaled,20,0.8210446691615575,0.7825724315753981,0.8249226578979959,0.8075230803999488,0.8057135666173361,5.0176115389995175,0.035302737999700184,0.0014054756748029375,9464.0,aggregate,,,,,
3,CS_SHAP_Union,Linear_Logistic_SGD_Scaled,20,,,,,,,,,,per_class,Backdoor,0.9869773817683345,0.8828939301042306,0.9320388349514565,1631.0
3,CS_SHAP_Union,Linear_Logistic_SGD_Scaled,20,,,,,,,,,,per_class,DDoS_HTTP,0.8083182640144665,0.7934911242603551,0.8008360704687967,1690.0
3,CS_SHAP_Union,Linear_Logistic_SGD_Scaled,20,,,,,,,,,,per_class,DDoS_ICMP,0.972663139329806,0.9787045252883763,0.9756744803184433,2254.0
3,CS_SHAP_Union,Linear_Logistic_SGD_Scaled,20,,,,,,,,,,per_class,DDoS_TCP,0.8050632911392405,0.775609756097561,0.7900621118012421,1640.0
3,CS_SHAP_Union,Linear_Logistic_SGD_Scaled,20,,,,,,,,,,per_class,DDoS_UDP,0.9963947724200091,0.9534282018111255,0.9744380784486559,2319.0
3,CS_SHAP_Union,Linear_Logistic_SGD_Scaled,20,,,,,,,,,,per_class,Fingerprinting,0.2155887230514096,0.8074534161490683,0.3403141361256545,161.0
3,CS_SHAP_Union,Linear_Logistic_SGD_Scaled,20,,,,,,,,,,per_class,MITM,1.0,1.0,1.0,64.0
3,CS_SHAP_Union,Linear_Logistic_SGD_Scaled,20,,,,,,,,,,per_class,Normal,1.0,1.0,1.0,3888.0
3,CS_SHAP_Union,Linear_Logistic_SGD_Scaled,20,,,,,,,,,,per_class,Password,0.5402446877012235,0.5250312891113892,0.5325293557600761,1598.0
3,CS_SHAP_Union,Linear_Logistic_SGD_Scaled,20,,,,,,,,,,per_class,Port_Scanning,0.8047270680922903,0.8876474239602731,0.8441558441558441,1611.0
3,CS_SHAP_Union,Linear_Logistic_SGD_Scaled,20,,,,,,,,,,per_class,Ransomware,0.9396433470507545,0.7837528604118993,0.8546475358702432,1748.0
3,CS_SHAP_Union,Linear_Logistic_SGD_Scaled,20,,,,,,,,,,per_class,SQL_injection,0.5389755011135857,0.7333333333333333,0.6213093709884467,1650.0
3,CS_SHAP_Union,Linear_Logistic_SGD_Scaled,20,,,,,,,,,,per_class,Uploading,0.6605672461116194,0.4394400486914181,0.5277777777777778,1643.0
3,CS_SHAP_Union,Linear_Logistic_SGD_Scaled,20,,,,,,,,,,per_class,Vulnerability_scanner,0.8510769230769231,0.8574085554866708,0.8542310067943175,1613.0
3,CS_SHAP_Union,Linear_Logistic_SGD_Scaled,20,,,,,,,,,,per_class,XSS,0.686539643515673,0.6946517412935324,0.6905718701700155,1608.0
3,Mutual_Information_19,Linear_Logistic_SGD_Scaled,19,0.7907078589059638,0.748579016681197,0.7888680108604395,0.7655456602404632,0.7730860929573372,6.535982772000352,0.04145794899977773,0.0016505274703311461,9677.0,aggregate,,,,,
3,Mutual_Information_19,Linear_Logistic_SGD_Scaled,19,,,,,,,,,,per_class,Backdoor,0.9495548961424333,0.7847946045370938,0.8593487747566299,1631.0
3,Mutual_Information_19,Linear_Logistic_SGD_Scaled,19,,,,,,,,,,per_class,DDoS_HTTP,0.7260536398467433,0.6727810650887573,0.6984029484029485,1690.0
3,Mutual_Information_19,Linear_Logistic_SGD_Scaled,19,,,,,,,,,,per_class,DDoS_ICMP,0.9842767295597484,0.9720496894409938,0.9781249999999999,2254.0
3,Mutual_Information_19,Linear_Logistic_SGD_Scaled,19,,,,,,,,,,per_class,DDoS_TCP,0.8530066815144766,0.7006097560975609,0.7693337797120856,1640.0
3,Mutual_Information_19,Linear_Logistic_SGD_Scaled,19,,,,,,,,,,per_class,DDoS_UDP,0.9977406235878897,0.9521345407503234,0.9744042365401588,2319.0
3,Mutual_Information_19,Linear_Logistic_SGD_Scaled,19,,,,,,,,,,per_class,Fingerprinting,0.2785515320334262,0.6211180124223602,0.38461538461538464,161.0
3,Mutual_Information_19,Linear_Logistic_SGD_Scaled,19,,,,,,,,,,per_class,MITM,1.0,1.0,1.0,64.0
3,Mutual_Information_19,Linear_Logistic_SGD_Scaled,19,,,,,,,,,,per_class,Normal,1.0,1.0,1.0,3888.0
3,Mutual_Information_19,Linear_Logistic_SGD_Scaled,19,,,,,,,,,,per_class,Password,0.6126656848306333,0.26032540675844806,0.36539306104523495,1598.0
3,Mutual_Information_19,Linear_Logistic_SGD_Scaled,19,,,,,,,,,,per_class,Port_Scanning,0.7203619909502262,0.9882060831781502,0.8332897147343626,1611.0
3,Mutual_Information_19,Linear_Logistic_SGD_Scaled,19,,,,,,,,,,per_class,Ransomware,0.7742323901264299,0.7356979405034325,0.7544734526254033,1748.0
3,Mutual_Information_19,Linear_Logistic_SGD_Scaled,19,,,,,,,,,,per_class,SQL_injection,0.5204590818363274,0.6321212121212121,0.5708812260536398,1650.0
3,Mutual_Information_19,Linear_Logistic_SGD_Scaled,19,,,,,,,,,,per_class,Uploading,0.5135869565217391,0.6902008520998174,0.5889379381978707,1643.0
3,Mutual_Information_19,Linear_Logistic_SGD_Scaled,19,,,,,,,,,,per_class,Vulnerability_scanner,0.8494962216624685,0.8363298202107874,0.8428616057482037,1613.0
3,Mutual_Information_19,Linear_Logistic_SGD_Scaled,19,,,,,,,,,,per_class,XSS,0.5828116107000569,0.6368159203980099,0.6086181277860327,1608.0
3,Random_Forest_Importance_19,Linear_Logistic_SGD_Scaled,19,0.7803567162990684,0.740880633780453,0.7799109511096578,0.7573587247136534,0.7610239635747513,5.333351756000411,0.043862587999683456,0.001746261167277787,9672.0,aggregate,,,,,
3,Random_Forest_Importance_19,Linear_Logistic_SGD_Scaled,19,,,,,,,,,,per_class,Backdoor,0.8923395445134575,0.7927651747394237,0.8396103896103896,1631.0
3,Random_Forest_Importance_19,Linear_Logistic_SGD_Scaled,19,,,,,,,,,,per_class,DDoS_HTTP,0.6840659340659341,0.7366863905325444,0.7094017094017093,1690.0
3,Random_Forest_Importance_19,Linear_Logistic_SGD_Scaled,19,,,,,,,,,,per_class,DDoS_ICMP,0.9842696629213483,0.9716060337178349,0.9778968519758875,2254.0
3,Random_Forest_Importance_19,Linear_Logistic_SGD_Scaled,19,,,,,,,,,,per_class,DDoS_TCP,0.7934545454545454,0.6652439024390244,0.723714759535655,1640.0
3,Random_Forest_Importance_19,Linear_Logistic_SGD_Scaled,19,,,,,,,,,,per_class,DDoS_UDP,0.9977406235878897,0.9521345407503234,0.9744042365401588,2319.0
3,Random_Forest_Importance_19,Linear_Logistic_SGD_Scaled,19,,,,,,,,,,per_class,Fingerprinting,0.2900552486187845,0.6521739130434783,0.40152963671128106,161.0
3,Random_Forest_Importance_19,Linear_Logistic_SGD_Scaled,19,,,,,,,,,,per_class,MITM,1.0,1.0,1.0,64.0
3,Random_Forest_Importance_19,Linear_Logistic_SGD_Scaled,19,,,,,,,,,,per_class,Normal,1.0,1.0,1.0,3888.0
3,Random_Forest_Importance_19,Linear_Logistic_SGD_Scaled,19,,,,,,,,,,per_class,Password,0.4386645962732919,0.35356695869837296,0.39154539154539153,1598.0
3,Random_Forest_Importance_19,Linear_Logistic_SGD_Scaled,19,,,,,,,,,,per_class,Port_Scanning,0.7221214868540344,0.9888268156424581,0.834686926905947,1611.0
3,Random_Forest_Importance_19,Linear_Logistic_SGD_Scaled,19,,,,,,,,,,per_class,Ransomware,0.7222946544980443,0.6338672768878718,0.6751980499695308,1748.0
3,Random_Forest_Importance_19,Linear_Logistic_SGD_Scaled,19,,,,,,,,,,per_class,SQL_injection,0.4842840512223516,0.5042424242424243,0.494061757719715,1650.0
3,Random_Forest_Importance_19,Linear_Logistic_SGD_Scaled,19,,,,,,,,,,per_class,Uploading,0.5755968169761273,0.660377358490566,0.615079365079365,1643.0
3,Random_Forest_Importance_19,Linear_Logistic_SGD_Scaled,19,,,,,,,,,,per_class,Vulnerability_scanner,0.8501259445843828,0.8369497830130193,0.8434864104967198,1613.0
3,Random_Forest_Importance_19,Linear_Logistic_SGD_Scaled,19,,,,,,,,,,per_class,XSS,0.654690618762475,0.6119402985074627,0.6325940212150434,1608.0
4,Full_42,Linear_Logistic_SGD_Scaled,42,0.8292789743998089,0.7862340832495651,0.8328597286996859,0.8024773461007089,0.8145639495099636,6.460921986000358,0.04969317900031456,0.001978467930099716,13724.0,aggregate,,,,,
4,Full_42,Linear_Logistic_SGD_Scaled,42,,,,,,,,,,per_class,Backdoor,0.970995385629532,0.9031269160024524,0.9358322744599745,1631.0
4,Full_42,Linear_Logistic_SGD_Scaled,42,,,,,,,,,,per_class,DDoS_HTTP,0.8161718256475048,0.7644970414201183,0.789489764741827,1690.0
4,Full_42,Linear_Logistic_SGD_Scaled,42,,,,,,,,,,per_class,DDoS_ICMP,0.9968109339407745,0.9702882483370289,0.9833707865168541,2255.0
4,Full_42,Linear_Logistic_SGD_Scaled,42,,,,,,,,,,per_class,DDoS_TCP,0.8209876543209876,0.8109756097560976,0.8159509202453987,1640.0
4,Full_42,Linear_Logistic_SGD_Scaled,42,,,,,,,,,,per_class,DDoS_UDP,1.0,0.9827511858559724,0.991300565463245,2319.0
4,Full_42,Linear_Logistic_SGD_Scaled,42,,,,,,,,,,per_class,Fingerprinting,0.18129770992366412,0.59375,0.2777777777777778,160.0
4,Full_42,Linear_Logistic_SGD_Scaled,42,,,,,,,,,,per_class,MITM,1.0,1.0,1.0,64.0
4,Full_42,Linear_Logistic_SGD_Scaled,42,,,,,,,,,,per_class,Normal,1.0,1.0,1.0,3888.0
4,Full_42,Linear_Logistic_SGD_Scaled,42,,,,,,,,,,per_class,Password,0.6149532710280374,0.4117647058823529,0.4932533733133433,1598.0
4,Full_42,Linear_Logistic_SGD_Scaled,42,,,,,,,,,,per_class,Port_Scanning,0.8117453347969265,0.9180633147113594,0.8616370521409845,1611.0
4,Full_42,Linear_Logistic_SGD_Scaled,42,,,,,,,,,,per_class,Ransomware,0.9630419331911869,0.7751716247139588,0.8589540412044374,1748.0
4,Full_42,Linear_Logistic_SGD_Scaled,42,,,,,,,,,,per_class,SQL_injection,0.5346260387811634,0.7018181818181818,0.6069182389937107,1650.0
4,Full_42,Linear_Logistic_SGD_Scaled,42,,,,,,,,,,per_class,Uploading,0.5963746223564955,0.6007303712720633,0.5985445724681625,1643.0
4,Full_42,Linear_Logistic_SGD_Scaled,42,,,,,,,,,,per_class,Vulnerability_scanner,0.8576779026217228,0.8523573200992556,0.8550093341630366,1612.0
4,Full_42,Linear_Logistic_SGD_Scaled,42,,,,,,,,,,per_class,XSS,0.7008695652173913,0.7518656716417911,0.7254725472547255,1608.0
4,Natural_Global_20,Linear_Logistic_SGD_Scaled,20,0.8130349962177011,0.7661541533921487,0.8136650978920368,0.7919274607287956,0.7982524531201064,5.229455868999139,0.0370852490004836,0.001476499940298746,9774.0,aggregate,,,,,
4,Natural_Global_20,Linear_Logistic_SGD_Scaled,20,,,,,,,,,,per_class,Backdoor,0.7614107883817427,0.9000613120784795,0.8249508288845181,1631.0
4,Natural_Global_20,Linear_Logistic_SGD_Scaled,20,,,,,,,,,,per_class,DDoS_HTTP,0.8057644110275689,0.7609467455621302,0.7827145465611685,1690.0
4,Natural_Global_20,Linear_Logistic_SGD_Scaled,20,,,,,,,,,,per_class,DDoS_ICMP,0.9968065693430657,0.9689578713968958,0.9826849561502137,2255.0
4,Natural_Global_20,Linear_Logistic_SGD_Scaled,20,,,,,,,,,,per_class,DDoS_TCP,0.8140672782874617,0.8115853658536586,0.812824427480916,1640.0
4,Natural_Global_20,Linear_Logistic_SGD_Scaled,20,,,,,,,,,,per_class,DDoS_UDP,1.0,0.9840448469167745,0.9919582699413172,2319.0
4,Natural_Global_20,Linear_Logistic_SGD_Scaled,20,,,,,,,,,,per_class,Fingerprinting,0.1607669616519174,0.68125,0.2601431980906921,160.0
4,Natural_Global_20,Linear_Logistic_SGD_Scaled,20,,,,,,,,,,per_class,MITM,1.0,1.0,1.0,64.0
4,Natural_Global_20,Linear_Logistic_SGD_Scaled,20,,,,,,,,,,per_class,Normal,1.0,1.0,1.0,3888.0
4,Natural_Global_20,Linear_Logistic_SGD_Scaled,20,,,,,,,,,,per_class,Password,0.6979785969084423,0.36733416770963706,0.4813448134481345,1598.0
4,Natural_Global_20,Linear_Logistic_SGD_Scaled,20,,,,,,,,,,per_class,Port_Scanning,0.8257261410788381,0.8646803227808815,0.8447543966040024,1611.0
4,Natural_Global_20,Linear_Logistic_SGD_Scaled,20,,,,,,,,,,per_class,Ransomware,0.9667359667359667,0.5320366132723112,0.6863468634686346,1748.0
4,Natural_Global_20,Linear_Logistic_SGD_Scaled,20,,,,,,,,,,per_class,SQL_injection,0.5544883635020318,0.9096969696969697,0.6890061969244894,1650.0
4,Natural_Global_20,Linear_Logistic_SGD_Scaled,20,,,,,,,,,,per_class,Uploading,0.6820551005212211,0.5575167376749848,0.6135298057602142,1643.0
4,Natural_Global_20,Linear_Logistic_SGD_Scaled,20,,,,,,,,,,per_class,Vulnerability_scanner,0.8559799624295554,0.848014888337469,0.8519788095980055,1612.0
4,Natural_Global_20,Linear_Logistic_SGD_Scaled,20,,,,,,,,,,per_class,XSS,0.6488060570762959,0.6927860696517413,0.6700751879699247,1608.0
4,Class_Balanced_15,Linear_Logistic_SGD_Scaled,15,0.8147071704423299,0.7643637087321056,0.8126904816410639,0.7710603061417681,0.7996697950719258,4.16914838699995,0.03324094799972954,0.001323444201127903,8492.0,aggregate,,,,,
4,Class_Balanced_15,Linear_Logistic_SGD_Scaled,15,,,,,,,,,,per_class,Backdoor,0.9731774415405777,0.8675659104843654,0.9173419773095622,1631.0
4,Class_Balanced_15,Linear_Logistic_SGD_Scaled,15,,,,,,,,,,per_class,DDoS_HTTP,0.7633279483037156,0.5591715976331361,0.6454918032786885,1690.0
4,Class_Balanced_15,Linear_Logistic_SGD_Scaled,15,,,,,,,,,,per_class,DDoS_ICMP,0.9298245614035088,0.987139689578714,0.9576252957625296,2255.0
4,Class_Balanced_15,Linear_Logistic_SGD_Scaled,15,,,,,,,,,,per_class,DDoS_TCP,0.8930555555555556,0.7841463414634147,0.8350649350649351,1640.0
4,Class_Balanced_15,Linear_Logistic_SGD_Scaled,15,,,,,,,,,,per_class,DDoS_UDP,1.0,0.9094437257438551,0.9525745257452574,2319.0
4,Class_Balanced_15,Linear_Logistic_SGD_Scaled,15,,,,,,,,,,per_class,Fingerprinting,0.1862348178137652,0.2875,0.22604422604422608,160.0
4,Class_Balanced_15,Linear_Logistic_SGD_Scaled,15,,,,,,,,,,per_class,MITM,1.0,1.0,1.0,64.0
4,Class_Balanced_15,Linear_Logistic_SGD_Scaled,15,,,,,,,,,,per_class,Normal,1.0,1.0,1.0,3888.0
4,Class_Balanced_15,Linear_Logistic_SGD_Scaled,15,,,,,,,,,,per_class,Password,0.6596491228070176,0.35294117647058826,0.45984508764777826,1598.0
4,Class_Balanced_15,Linear_Logistic_SGD_Scaled,15,,,,,,,,,,per_class,Port_Scanning,0.7159446181330952,0.9950341402855369,0.8327272727272728,1611.0
4,Class_Balanced_15,Linear_Logistic_SGD_Scaled,15,,,,,,,,,,per_class,Ransomware,0.9155975692099932,0.7757437070938215,0.839888510374729,1748.0
4,Class_Balanced_15,Linear_Logistic_SGD_Scaled,15,,,,,,,,,,per_class,SQL_injection,0.5623800383877159,0.8878787878787879,0.6886016451233842,1650.0
4,Class_Balanced_15,Linear_Logistic_SGD_Scaled,15,,,,,,,,,,per_class,Uploading,0.6680642907058001,0.5818624467437614,0.6219908913467794,1643.0
4,Class_Balanced_15,Linear_Logistic_SGD_Scaled,15,,,,,,,,,,per_class,Vulnerability_scanner,0.8536887786732796,0.8542183622828784,0.8539534883720931,1612.0
4,Class_Balanced_15,Linear_Logistic_SGD_Scaled,15,,,,,,,,,,per_class,XSS,0.5648372996600292,0.7232587064676617,0.6343059721843469,1608.0
4,Stable_Balanced_Core,Linear_Logistic_SGD_Scaled,14,0.7704343671616833,0.6984008336163086,0.7524117230064076,0.7141493086377332,0.7524339262078042,3.954811352999968,0.033296868999968865,0.0013256706214901806,8294.0,aggregate,,,,,
4,Stable_Balanced_Core,Linear_Logistic_SGD_Scaled,14,,,,,,,,,,per_class,Backdoor,0.5864173979397177,0.9423666462293072,0.7229539040451554,1631.0
4,Stable_Balanced_Core,Linear_Logistic_SGD_Scaled,14,,,,,,,,,,per_class,DDoS_HTTP,0.7302089930335656,0.6822485207100591,0.705414499847048,1690.0
4,Stable_Balanced_Core,Linear_Logistic_SGD_Scaled,14,,,,,,,,,,per_class,DDoS_ICMP,0.9222542163718634,0.9942350332594235,0.9568928723858301,2255.0
4,Stable_Balanced_Core,Linear_Logistic_SGD_Scaled,14,,,,,,,,,,per_class,DDoS_TCP,0.8047655649500385,0.6384146341463415,0.7120027201632099,1640.0
4,Stable_Balanced_Core,Linear_Logistic_SGD_Scaled,14,,,,,,,,,,per_class,DDoS_UDP,1.0,0.9163432514014661,0.9563456345634562,2319.0
4,Stable_Balanced_Core,Linear_Logistic_SGD_Scaled,14,,,,,,,,,,per_class,Fingerprinting,1.0,0.0625,0.11764705882352941,160.0
4,Stable_Balanced_Core,Linear_Logistic_SGD_Scaled,14,,,,,,,,,,per_class,MITM,1.0,1.0,1.0,64.0
4,Stable_Balanced_Core,Linear_Logistic_SGD_Scaled,14,,,,,,,,,,per_class,Normal,1.0,1.0,1.0,3888.0
4,Stable_Balanced_Core,Linear_Logistic_SGD_Scaled,14,,,,,,,,,,per_class,Password,0.6296791443850267,0.29474342928660824,0.40153452685422,1598.0
4,Stable_Balanced_Core,Linear_Logistic_SGD_Scaled,14,,,,,,,,,,per_class,Port_Scanning,0.7086267605633803,0.9993792675356921,0.8292557301055884,1611.0
4,Stable_Balanced_Core,Linear_Logistic_SGD_Scaled,14,,,,,,,,,,per_class,Ransomware,0.5347682119205298,0.18478260869565216,0.27465986394557823,1748.0
4,Stable_Balanced_Core,Linear_Logistic_SGD_Scaled,14,,,,,,,,,,per_class,SQL_injection,0.5610043154178109,0.8666666666666667,0.6811145510835913,1650.0
4,Stable_Balanced_Core,Linear_Logistic_SGD_Scaled,14,,,,,,,,,,per_class,Uploading,0.6373902132998746,0.6183810103469264,0.6277417361754712,1643.0
4,Stable_Balanced_Core,Linear_Logistic_SGD_Scaled,14,,,,,,,,,,per_class,Vulnerability_scanner,0.855811062771908,0.8542183622828784,0.8550139708165165,1612.0
4,Stable_Balanced_Core,Linear_Logistic_SGD_Scaled,14,,,,,,,,,,per_class,XSS,0.6144018583042973,0.6579601990049752,0.6354354354354353,1608.0
4,Stable_Minority_Only,Linear_Logistic_SGD_Scaled,13,0.5976430306167138,0.5404696954887201,0.560917502207393,0.5667545790344529,0.5631696681366947,4.501693883999906,0.024925189000896353,0.0009923632997928236,7254.0,aggregate,,,,,
4,Stable_Minority_Only,Linear_Logistic_SGD_Scaled,13,,,,,,,,,,per_class,Backdoor,0.045023696682464455,0.011649294911097487,0.018509498295177788,1631.0
4,Stable_Minority_Only,Linear_Logistic_SGD_Scaled,13,,,,,,,,,,per_class,DDoS_HTTP,0.37183235867446396,0.4514792899408284,0.4078033137359701,1690.0
4,Stable_Minority_Only,Linear_Logistic_SGD_Scaled,13,,,,,,,,,,per_class,DDoS_ICMP,0.9684304135171187,0.9658536585365853,0.9671403197158082,2255.0
4,Stable_Minority_Only,Linear_Logistic_SGD_Scaled,13,,,,,,,,,,per_class,DDoS_TCP,0.9087353324641461,0.425,0.5791441628583298,1640.0
4,Stable_Minority_Only,Linear_Logistic_SGD_Scaled,13,,,,,,,,,,per_class,DDoS_UDP,0.7638140161725068,0.9775765416127641,0.8575751844146018,2319.0
4,Stable_Minority_Only,Linear_Logistic_SGD_Scaled,13,,,,,,,,,,per_class,Fingerprinting,0.17131474103585656,0.26875,0.20924574209245742,160.0
4,Stable_Minority_Only,Linear_Logistic_SGD_Scaled,13,,,,,,,,,,per_class,MITM,1.0,1.0,1.0,64.0
4,Stable_Minority_Only,Linear_Logistic_SGD_Scaled,13,,,,,,,,,,per_class,Normal,0.5651615271659325,0.7919238683127572,0.6595972579263067,3888.0
4,Stable_Minority_Only,Linear_Logistic_SGD_Scaled,13,,,,,,,,,,per_class,Password,0.5125523012552301,0.15331664580725907,0.23603082851637763,1598.0
4,Stable_Minority_Only,Linear_Logistic_SGD_Scaled,13,,,,,,,,,,per_class,Port_Scanning,0.7734092084842215,0.9279950341402855,0.8436794582392778,1611.0
4,Stable_Minority_Only,Linear_Logistic_SGD_Scaled,13,,,,,,,,,,per_class,Ransomware,0.7446457990115322,0.517162471395881,0.6103983794733288,1748.0
4,Stable_Minority_Only,Linear_Logistic_SGD_Scaled,13,,,,,,,,,,per_class,SQL_injection,0.30752595155709345,0.4309090909090909,0.35890964159515404,1650.0
4,Stable_Minority_Only,Linear_Logistic_SGD_Scaled,13,,,,,,,,,,per_class,Uploading,0.36774193548387096,0.06938527084601338,0.11674347158218125,1643.0
4,Stable_Minority_Only,Linear_Logistic_SGD_Scaled,13,,,,,,,,,,per_class,Vulnerability_scanner,0.6236949614162506,0.8523573200992556,0.7203145478374836,1612.0
4,Stable_Minority_Only,Linear_Logistic_SGD_Scaled,13,,,,,,,,,,per_class,XSS,0.43254292722812754,0.6579601990049752,0.5219536260483473,1608.0
4,CS_SHAP_Union,Linear_Logistic_SGD_Scaled,18,0.7769638093721384,0.7169827221489783,0.764118676577866,0.7379252847546202,0.7591722855588262,4.175123254999562,0.03276366899990535,0.0013044419715692696,9064.0,aggregate,,,,,
4,CS_SHAP_Union,Linear_Logistic_SGD_Scaled,18,,,,,,,,,,per_class,Backdoor,0.6256935552710201,0.8988350705088902,0.7377956718671365,1631.0
4,CS_SHAP_Union,Linear_Logistic_SGD_Scaled,18,,,,,,,,,,per_class,DDoS_HTTP,0.6944146079484426,0.7650887573964497,0.7280405405405405,1690.0
4,CS_SHAP_Union,Linear_Logistic_SGD_Scaled,18,,,,,,,,,,per_class,DDoS_ICMP,0.9709634843818742,0.9787139689578714,0.9748233215547703,2255.0
4,CS_SHAP_Union,Linear_Logistic_SGD_Scaled,18,,,,,,,,,,per_class,DDoS_TCP,0.8103975535168195,0.6463414634146342,0.7191316146540027,1640.0
4,CS_SHAP_Union,Linear_Logistic_SGD_Scaled,18,,,,,,,,,,per_class,DDoS_UDP,0.9973130317957905,0.9603277274687365,0.9784710017574693,2319.0
4,CS_SHAP_Union,Linear_Logistic_SGD_Scaled,18,,,,,,,,,,per_class,Fingerprinting,0.18971061093247588,0.36875,0.2505307855626327,160.0
4,CS_SHAP_Union,Linear_Logistic_SGD_Scaled,18,,,,,,,,,,per_class,MITM,1.0,1.0,1.0,64.0
4,CS_SHAP_Union,Linear_Logistic_SGD_Scaled,18,,,,,,,,,,per_class,Normal,1.0,1.0,1.0,3888.0
4,CS_SHAP_Union,Linear_Logistic_SGD_Scaled,18,,,,,,,,,,per_class,Password,0.6151866151866152,0.29912390488110135,0.4025263157894737,1598.0
4,CS_SHAP_Union,Linear_Logistic_SGD_Scaled,18,,,,,,,,,,per_class,Port_Scanning,0.7339114559561843,0.9981378026070763,0.8458705944239874,1611.0
4,CS_SHAP_Union,Linear_Logistic_SGD_Scaled,18,,,,,,,,,,per_class,Ransomware,0.5858156028368794,0.23627002288329518,0.33673053403995107,1748.0
4,CS_SHAP_Union,Linear_Logistic_SGD_Scaled,18,,,,,,,,,,per_class,SQL_injection,0.5603312302839116,0.8612121212121212,0.6789297658862875,1650.0
4,CS_SHAP_Union,Linear_Logistic_SGD_Scaled,18,,,,,,,,,,per_class,Uploading,0.6368821292775665,0.6116859403530128,0.6240298044085688,1643.0
4,CS_SHAP_Union,Linear_Logistic_SGD_Scaled,18,,,,,,,,,,per_class,Vulnerability_scanner,0.8552795031055901,0.8542183622828784,0.8547486033519553,1612.0
4,CS_SHAP_Union,Linear_Logistic_SGD_Scaled,18,,,,,,,,,,per_class,XSS,0.6599443671766342,0.5901741293532339,0.623112278397899,1608.0
4,Mutual_Information_19,Linear_Logistic_SGD_Scaled,19,0.7638252976071983,0.7061002956923477,0.7574305816155263,0.7155714779124916,0.7440939911985925,5.5315266280003925,0.041613327999584726,0.0016567793924268314,9673.0,aggregate,,,,,
4,Mutual_Information_19,Linear_Logistic_SGD_Scaled,19,,,,,,,,,,per_class,Backdoor,0.609349593495935,0.9190680564071122,0.7328281593742362,1631.0
4,Mutual_Information_19,Linear_Logistic_SGD_Scaled,19,,,,,,,,,,per_class,DDoS_HTTP,0.7416467780429594,0.7355029585798817,0.7385620915032679,1690.0
4,Mutual_Information_19,Linear_Logistic_SGD_Scaled,19,,,,,,,,,,per_class,DDoS_ICMP,0.9135046919624643,0.9929046563192905,0.9515512112197195,2255.0
4,Mutual_Information_19,Linear_Logistic_SGD_Scaled,19,,,,,,,,,,per_class,DDoS_TCP,0.944969905417025,0.6701219512195122,0.7841598287549054,1640.0
4,Mutual_Information_19,Linear_Logistic_SGD_Scaled,19,,,,,,,,,,per_class,DDoS_UDP,1.0,0.9003880983182406,0.9475833900612661,2319.0
4,Mutual_Information_19,Linear_Logistic_SGD_Scaled,19,,,,,,,,,,per_class,Fingerprinting,0.1409090909090909,0.19375,0.1631578947368421,160.0
4,Mutual_Information_19,Linear_Logistic_SGD_Scaled,19,,,,,,,,,,per_class,MITM,1.0,1.0,1.0,64.0
4,Mutual_Information_19,Linear_Logistic_SGD_Scaled,19,,,,,,,,,,per_class,Normal,1.0,1.0,1.0,3888.0
4,Mutual_Information_19,Linear_Logistic_SGD_Scaled,19,,,,,,,,,,per_class,Password,0.48764629388816644,0.4693366708385482,0.47831632653061223,1598.0
4,Mutual_Information_19,Linear_Logistic_SGD_Scaled,19,,,,,,,,,,per_class,Port_Scanning,0.7089387934830471,0.9993792675356921,0.8294693456980937,1611.0
4,Mutual_Information_19,Linear_Logistic_SGD_Scaled,19,,,,,,,,,,per_class,Ransomware,0.7566807313642757,0.30778032036613273,0.4375762505083367,1748.0
4,Mutual_Information_19,Linear_Logistic_SGD_Scaled,19,,,,,,,,,,per_class,SQL_injection,0.4350607805502239,0.4121212121212121,0.42328042328042326,1650.0
4,Mutual_Information_19,Linear_Logistic_SGD_Scaled,19,,,,,,,,,,per_class,Uploading,0.588268156424581,0.6409007912355448,0.6134576172443926,1643.0
4,Mutual_Information_19,Linear_Logistic_SGD_Scaled,19,,,,,,,,,,per_class,Vulnerability_scanner,0.8556048131728943,0.8380893300248139,0.8467565026637418,1612.0
4,Mutual_Information_19,Linear_Logistic_SGD_Scaled,19,,,,,,,,,,per_class,XSS,0.6356495468277945,0.654228855721393,0.6448053938093777,1608.0
4,Random_Forest_Importance_19,Linear_Logistic_SGD_Scaled,19,0.7926503961460365,0.7420704631344509,0.7920135542778145,0.7445676678942654,0.774744959949801,5.546494438000082,0.044710939000651706,0.001780106660853275,9667.0,aggregate,,,,,
4,Random_Forest_Importance_19,Linear_Logistic_SGD_Scaled,19,,,,,,,,,,per_class,Backdoor,0.8326869806094183,0.9215205395462907,0.8748544819557627,1631.0
4,Random_Forest_Importance_19,Linear_Logistic_SGD_Scaled,19,,,,,,,,,,per_class,DDoS_HTTP,0.7526158445440957,0.5958579881656805,0.6651254953764862,1690.0
4,Random_Forest_Importance_19,Linear_Logistic_SGD_Scaled,19,,,,,,,,,,per_class,DDoS_ICMP,0.9135046919624643,0.9929046563192905,0.9515512112197195,2255.0
4,Random_Forest_Importance_19,Linear_Logistic_SGD_Scaled,19,,,,,,,,,,per_class,DDoS_TCP,0.8770718232044199,0.774390243902439,0.8225388601036269,1640.0
4,Random_Forest_Importance_19,Linear_Logistic_SGD_Scaled,19,,,,,,,,,,per_class,DDoS_UDP,1.0,0.9003880983182406,0.9475833900612661,2319.0
4,Random_Forest_Importance_19,Linear_Logistic_SGD_Scaled,19,,,,,,,,,,per_class,Fingerprinting,0.1875,0.20625,0.1964285714285714,160.0
4,Random_Forest_Importance_19,Linear_Logistic_SGD_Scaled,19,,,,,,,,,,per_class,MITM,1.0,1.0,1.0,64.0
4,Random_Forest_Importance_19,Linear_Logistic_SGD_Scaled,19,,,,,,,,,,per_class,Normal,1.0,1.0,1.0,3888.0
4,Random_Forest_Importance_19,Linear_Logistic_SGD_Scaled,19,,,,,,,,,,per_class,Password,0.4836647727272727,0.4261576971214018,0.4530938123752495,1598.0
4,Random_Forest_Importance_19,Linear_Logistic_SGD_Scaled,19,,,,,,,,,,per_class,Port_Scanning,0.7077464788732394,0.9981378026070763,0.8282255987638424,1611.0
4,Random_Forest_Importance_19,Linear_Logistic_SGD_Scaled,19,,,,,,,,,,per_class,Ransomware,0.9795373665480427,0.629862700228833,0.7667130919220055,1748.0
4,Random_Forest_Importance_19,Linear_Logistic_SGD_Scaled,19,,,,,,,,,,per_class,SQL_injection,0.49582027168234066,0.5751515151515152,0.5325476992143658,1650.0
4,Random_Forest_Importance_19,Linear_Logistic_SGD_Scaled,19,,,,,,,,,,per_class,Uploading,0.621414913957935,0.5934266585514303,0.6070983810709838,1643.0
4,Random_Forest_Importance_19,Linear_Logistic_SGD_Scaled,19,,,,,,,,,,per_class,Vulnerability_scanner,0.8536887786732796,0.8542183622828784,0.8539534883720931,1612.0
4,Random_Forest_Importance_19,Linear_Logistic_SGD_Scaled,19,,,,,,,,,,per_class,XSS,0.5747830525778458,0.7002487562189055,0.6313428651527895,1608.0
5,Full_42,Linear_Logistic_SGD_Scaled,42,0.8208384759326353,0.7809624202759768,0.8258634865846479,0.8036837602172461,0.8054740098174011,6.361931845000072,0.04980605499986268,0.0019829619381240868,13331.0,aggregate,,,,,
5,Full_42,Linear_Logistic_SGD_Scaled,42,,,,,,,,,,per_class,Backdoor,0.9818548387096774,0.8952205882352942,0.9365384615384617,1632.0
5,Full_42,Linear_Logistic_SGD_Scaled,42,,,,,,,,,,per_class,DDoS_HTTP,0.7831190609278926,0.8294849023090586,0.8056354226566992,1689.0
5,Full_42,Linear_Logistic_SGD_Scaled,42,,,,,,,,,,per_class,DDoS_ICMP,0.9945921586300135,0.9787139689578714,0.9865891819400984,2255.0
5,Full_42,Linear_Logistic_SGD_Scaled,42,,,,,,,,,,per_class,DDoS_TCP,0.8136020151133502,0.7882855399633923,0.800743724821816,1639.0
5,Full_42,Linear_Logistic_SGD_Scaled,42,,,,,,,,,,per_class,DDoS_UDP,1.0,0.9836206896551725,0.9917427205562799,2320.0
5,Full_42,Linear_Logistic_SGD_Scaled,42,,,,,,,,,,per_class,Fingerprinting,0.1945337620578778,0.75625,0.30946291560102296,160.0
5,Full_42,Linear_Logistic_SGD_Scaled,42,,,,,,,,,,per_class,MITM,1.0,1.0,1.0,64.0
5,Full_42,Linear_Logistic_SGD_Scaled,42,,,,,,,,,,per_class,Normal,1.0,1.0,1.0,3888.0
5,Full_42,Linear_Logistic_SGD_Scaled,42,,,,,,,,,,per_class,Password,0.4920345926263086,0.6760475297060663,0.5695468914646996,1599.0
5,Full_42,Linear_Logistic_SGD_Scaled,42,,,,,,,,,,per_class,Port_Scanning,0.8081035453010692,0.8913718187461204,0.8476977567886658,1611.0
5,Full_42,Linear_Logistic_SGD_Scaled,42,,,,,,,,,,per_class,Ransomware,0.9856011519078474,0.7831807780320366,0.8728084156837743,1748.0
5,Full_42,Linear_Logistic_SGD_Scaled,42,,,,,,,,,,per_class,SQL_injection,0.4527777777777778,0.3953911461491813,0.4221430883781159,1649.0
5,Full_42,Linear_Logistic_SGD_Scaled,42,,,,,,,,,,per_class,Uploading,0.6985645933014354,0.5331710286062081,0.6047635484984466,1643.0
5,Full_42,Linear_Logistic_SGD_Scaled,42,,,,,,,,,,per_class,Vulnerability_scanner,0.8546583850931677,0.8535980148883374,0.8541278708876473,1612.0
5,Full_42,Linear_Logistic_SGD_Scaled,42,,,,,,,,,,per_class,XSS,0.7357615894039735,0.6909203980099502,0.7126363053239255,1608.0
5,Natural_Global_20,Linear_Logistic_SGD_Scaled,20,0.8062666719751562,0.7631820432504666,0.8022134512254202,0.7875342025020691,0.7912317578123218,5.8177119590000075,0.03985332699994615,0.0015867072898812019,9387.0,aggregate,,,,,
5,Natural_Global_20,Linear_Logistic_SGD_Scaled,20,,,,,,,,,,per_class,Backdoor,0.9865047233468286,0.8958333333333334,0.938985228002569,1632.0
5,Natural_Global_20,Linear_Logistic_SGD_Scaled,20,,,,,,,,,,per_class,DDoS_HTTP,0.8087810514153668,0.8288928359976317,0.8187134502923976,1689.0
5,Natural_Global_20,Linear_Logistic_SGD_Scaled,20,,,,,,,,,,per_class,DDoS_ICMP,0.9945528824330458,0.9716186252771618,0.9829519964109465,2255.0
5,Natural_Global_20,Linear_Logistic_SGD_Scaled,20,,,,,,,,,,per_class,DDoS_TCP,0.8131067961165048,0.8175716900549115,0.8153331305141466,1639.0
5,Natural_Global_20,Linear_Logistic_SGD_Scaled,20,,,,,,,,,,per_class,DDoS_UDP,1.0,0.9814655172413793,0.9906460735262127,2320.0
5,Natural_Global_20,Linear_Logistic_SGD_Scaled,20,,,,,,,,,,per_class,Fingerprinting,0.2885572139303483,0.725,0.41281138790035593,160.0
5,Natural_Global_20,Linear_Logistic_SGD_Scaled,20,,,,,,,,,,per_class,MITM,1.0,1.0,1.0,64.0
5,Natural_Global_20,Linear_Logistic_SGD_Scaled,20,,,,,,,,,,per_class,Normal,1.0,1.0,1.0,3888.0
5,Natural_Global_20,Linear_Logistic_SGD_Scaled,20,,,,,,,,,,per_class,Password,0.4125942932108888,0.7867417135709819,0.5413080895008605,1599.0
5,Natural_Global_20,Linear_Logistic_SGD_Scaled,20,,,,,,,,,,per_class,Port_Scanning,0.7866598778004074,0.9590316573556797,0.8643356643356643,1611.0
5,Natural_Global_20,Linear_Logistic_SGD_Scaled,20,,,,,,,,,,per_class,Ransomware,0.9856011519078474,0.7831807780320366,0.8728084156837743,1748.0
5,Natural_Global_20,Linear_Logistic_SGD_Scaled,20,,,,,,,,,,per_class,SQL_injection,0.237125748502994,0.12007277137659188,0.15942028985507245,1649.0
5,Natural_Global_20,Linear_Logistic_SGD_Scaled,20,,,,,,,,,,per_class,Uploading,0.6653426017874876,0.4077906269020085,0.5056603773584906,1643.0
5,Natural_Global_20,Linear_Logistic_SGD_Scaled,20,,,,,,,,,,per_class,Vulnerability_scanner,0.8519206939281289,0.8529776674937966,0.8524488530688159,1612.0
5,Natural_Global_20,Linear_Logistic_SGD_Scaled,20,,,,,,,,,,per_class,XSS,0.7020460358056266,0.6828358208955224,0.6923076923076923,1608.0
5,Class_Balanced_15,Linear_Logistic_SGD_Scaled,15,0.7794720707090815,0.7244863059480546,0.7698275853427048,0.7552585736449532,0.7617892397419169,4.862387520000084,0.03241429700028675,0.0012905321893652408,8105.0,aggregate,,,,,
5,Class_Balanced_15,Linear_Logistic_SGD_Scaled,15,,,,,,,,,,per_class,Backdoor,0.5895110410094637,0.9160539215686274,0.7173704414587332,1632.0
5,Class_Balanced_15,Linear_Logistic_SGD_Scaled,15,,,,,,,,,,per_class,DDoS_HTTP,0.7840971838763114,0.8407341622261694,0.8114285714285715,1689.0
5,Class_Balanced_15,Linear_Logistic_SGD_Scaled,15,,,,,,,,,,per_class,DDoS_ICMP,0.9501491265445249,0.9889135254988913,0.9691438504997827,2255.0
5,Class_Balanced_15,Linear_Logistic_SGD_Scaled,15,,,,,,,,,,per_class,DDoS_TCP,0.7292654028436019,0.7510677242220867,0.7400060114217013,1639.0
5,Class_Balanced_15,Linear_Logistic_SGD_Scaled,15,,,,,,,,,,per_class,DDoS_UDP,1.0,0.9456896551724138,0.9720868409392999,2320.0
5,Class_Balanced_15,Linear_Logistic_SGD_Scaled,15,,,,,,,,,,per_class,Fingerprinting,0.1672473867595819,0.6,0.2615803814713896,160.0
5,Class_Balanced_15,Linear_Logistic_SGD_Scaled,15,,,,,,,,,,per_class,MITM,1.0,1.0,1.0,64.0
5,Class_Balanced_15,Linear_Logistic_SGD_Scaled,15,,,,,,,,,,per_class,Normal,1.0,1.0,1.0,3888.0
5,Class_Balanced_15,Linear_Logistic_SGD_Scaled,15,,,,,,,,,,per_class,Password,0.545514950166113,0.5134459036898061,0.5289948453608246,1599.0
5,Class_Balanced_15,Linear_Logistic_SGD_Scaled,15,,,,,,,,,,per_class,Port_Scanning,0.8297101449275363,0.8528864059590316,0.8411386593204775,1611.0
5,Class_Balanced_15,Linear_Logistic_SGD_Scaled,15,,,,,,,,,,per_class,Ransomware,0.6378378378378379,0.13501144164759726,0.22285174693106705,1748.0
5,Class_Balanced_15,Linear_Logistic_SGD_Scaled,15,,,,,,,,,,per_class,SQL_injection,0.521105527638191,0.6288659793814433,0.5699367958230284,1649.0
5,Class_Balanced_15,Linear_Logistic_SGD_Scaled,15,,,,,,,,,,per_class,Uploading,0.7191977077363897,0.6110772976262934,0.6607436656794998,1643.0
5,Class_Balanced_15,Linear_Logistic_SGD_Scaled,15,,,,,,,,,,per_class,Vulnerability_scanner,0.8524691358024692,0.8566997518610422,0.8545792079207921,1612.0
5,Class_Balanced_15,Linear_Logistic_SGD_Scaled,15,,,,,,,,,,per_class,XSS,0.7489851150202977,0.6884328358208955,0.7174335709656514,1608.0
5,Stable_Balanced_Core,Linear_Logistic_SGD_Scaled,14,0.7451924991041924,0.6872700803765623,0.7288803204295934,0.7108032760142607,0.7249001087975074,5.148473064999962,0.033608389000619354,0.0013380733766221822,7907.0,aggregate,,,,,
5,Stable_Balanced_Core,Linear_Logistic_SGD_Scaled,14,,,,,,,,,,per_class,Backdoor,0.5842433697347894,0.9178921568627451,0.7140133460438512,1632.0
5,Stable_Balanced_Core,Linear_Logistic_SGD_Scaled,14,,,,,,,,,,per_class,DDoS_HTTP,0.6910263299301451,0.7613972764949675,0.7245070422535211,1689.0
5,Stable_Balanced_Core,Linear_Logistic_SGD_Scaled,14,,,,,,,,,,per_class,DDoS_ICMP,0.9563543003851092,0.991130820399113,0.9734320557491289,2255.0
5,Stable_Balanced_Core,Linear_Logistic_SGD_Scaled,14,,,,,,,,,,per_class,DDoS_TCP,0.8205128205128205,0.6833435021354485,0.7456724367509987,1639.0
5,Stable_Balanced_Core,Linear_Logistic_SGD_Scaled,14,,,,,,,,,,per_class,DDoS_UDP,1.0,0.9504310344827587,0.974585635359116,2320.0
5,Stable_Balanced_Core,Linear_Logistic_SGD_Scaled,14,,,,,,,,,,per_class,Fingerprinting,0.2766798418972332,0.4375,0.33898305084745767,160.0
5,Stable_Balanced_Core,Linear_Logistic_SGD_Scaled,14,,,,,,,,,,per_class,MITM,1.0,1.0,1.0,64.0
5,Stable_Balanced_Core,Linear_Logistic_SGD_Scaled,14,,,,,,,,,,per_class,Normal,1.0,1.0,1.0,3888.0
5,Stable_Balanced_Core,Linear_Logistic_SGD_Scaled,14,,,,,,,,,,per_class,Password,0.39252711932503015,0.6110068792995622,0.4779843444227006,1599.0
5,Stable_Balanced_Core,Linear_Logistic_SGD_Scaled,14,,,,,,,,,,per_class,Port_Scanning,0.7242479489516864,0.9863438857852266,0.8352168199737189,1611.0
5,Stable_Balanced_Core,Linear_Logistic_SGD_Scaled,14,,,,,,,,,,per_class,Ransomware,0.5369127516778524,0.13729977116704806,0.21867881548974946,1748.0
5,Stable_Balanced_Core,Linear_Logistic_SGD_Scaled,14,,,,,,,,,,per_class,SQL_injection,0.29969727547931385,0.1801091570648878,0.225,1649.0
5,Stable_Balanced_Core,Linear_Logistic_SGD_Scaled,14,,,,,,,,,,per_class,Uploading,0.6513111268603827,0.559342665855143,0.601833660772757,1643.0
5,Stable_Balanced_Core,Linear_Logistic_SGD_Scaled,14,,,,,,,,,,per_class,Vulnerability_scanner,0.8529956763434219,0.8566997518610422,0.854843701640359,1612.0
5,Stable_Balanced_Core,Linear_Logistic_SGD_Scaled,14,,,,,,,,,,per_class,XSS,0.6634009797060881,0.5895522388059702,0.6243002963450773,1608.0
5,Stable_Minority_Only,Linear_Logistic_SGD_Scaled,15,0.6042919138432138,0.5601900999044392,0.5818076812706824,0.5857695206631576,0.5709646837338599,4.929098962999888,0.024567448999732733,0.0009781203567198603,7241.0,aggregate,,,,,
5,Stable_Minority_Only,Linear_Logistic_SGD_Scaled,15,,,,,,,,,,per_class,Backdoor,0.40414507772020725,0.43014705882352944,0.4167408726625112,1632.0
5,Stable_Minority_Only,Linear_Logistic_SGD_Scaled,15,,,,,,,,,,per_class,DDoS_HTTP,0.5262329485834207,0.5938425103611604,0.5579972183588316,1689.0
5,Stable_Minority_Only,Linear_Logistic_SGD_Scaled,15,,,,,,,,,,per_class,DDoS_ICMP,0.928006658343737,0.9889135254988913,0.9574924860455131,2255.0
5,Stable_Minority_Only,Linear_Logistic_SGD_Scaled,15,,,,,,,,,,per_class,DDoS_TCP,0.5676652892561983,0.6705308114704088,0.6148251748251748,1639.0
5,Stable_Minority_Only,Linear_Logistic_SGD_Scaled,15,,,,,,,,,,per_class,DDoS_UDP,0.9006488240064883,0.9573275862068965,0.9281236941078144,2320.0
5,Stable_Minority_Only,Linear_Logistic_SGD_Scaled,15,,,,,,,,,,per_class,Fingerprinting,0.08764940239043825,0.1375,0.10705596107055962,160.0
5,Stable_Minority_Only,Linear_Logistic_SGD_Scaled,15,,,,,,,,,,per_class,MITM,1.0,1.0,1.0,64.0
5,Stable_Minority_Only,Linear_Logistic_SGD_Scaled,15,,,,,,,,,,per_class,Normal,0.6144056322772813,0.5835905349794238,0.5986017675768367,3888.0
5,Stable_Minority_Only,Linear_Logistic_SGD_Scaled,15,,,,,,,,,,per_class,Password,0.34119629317607414,0.5065666041275797,0.40775232821545426,1599.0
5,Stable_Minority_Only,Linear_Logistic_SGD_Scaled,15,,,,,,,,,,per_class,Port_Scanning,0.7936932121859968,0.9217877094972067,0.8529580700746697,1611.0
5,Stable_Minority_Only,Linear_Logistic_SGD_Scaled,15,,,,,,,,,,per_class,Ransomware,0.7734375,0.39645308924485123,0.5242057488653554,1748.0
5,Stable_Minority_Only,Linear_Logistic_SGD_Scaled,15,,,,,,,,,,per_class,SQL_injection,0.08891213389121339,0.05154639175257732,0.06525911708253358,1649.0
5,Stable_Minority_Only,Linear_Logistic_SGD_Scaled,15,,,,,,,,,,per_class,Uploading,0.33976833976833976,0.05356055995130858,0.09253417455310199,1643.0
5,Stable_Minority_Only,Linear_Logistic_SGD_Scaled,15,,,,,,,,,,per_class,Vulnerability_scanner,0.6360259981429898,0.8498759305210918,0.7275624004248539,1612.0
5,Stable_Minority_Only,Linear_Logistic_SGD_Scaled,15,,,,,,,,,,per_class,XSS,0.48210134821013484,0.6449004975124378,0.5517424847033786,1608.0
5,CS_SHAP_Union,Linear_Logistic_SGD_Scaled,19,0.8166580403710634,0.7718355836782729,0.8210664865753863,0.7830144066737444,0.8005321872750173,5.08729372200014,0.0352050869996674,0.00140164378706324,8875.0,aggregate,,,,,
5,CS_SHAP_Union,Linear_Logistic_SGD_Scaled,19,,,,,,,,,,per_class,Backdoor,0.9586666666666667,0.8811274509803921,0.9182630906768838,1632.0
5,CS_SHAP_Union,Linear_Logistic_SGD_Scaled,19,,,,,,,,,,per_class,DDoS_HTTP,0.7832322118036403,0.8407341622261694,0.8109651627641349,1689.0
5,CS_SHAP_Union,Linear_Logistic_SGD_Scaled,19,,,,,,,,,,per_class,DDoS_ICMP,0.9435789473684211,0.9937915742793791,0.9680345572354212,2255.0
5,CS_SHAP_Union,Linear_Logistic_SGD_Scaled,19,,,,,,,,,,per_class,DDoS_TCP,0.7374233128834355,0.7333740085417938,0.7353930865708167,1639.0
5,CS_SHAP_Union,Linear_Logistic_SGD_Scaled,19,,,,,,,,,,per_class,DDoS_UDP,1.0,0.95,0.9743589743589743,2320.0
5,CS_SHAP_Union,Linear_Logistic_SGD_Scaled,19,,,,,,,,,,per_class,Fingerprinting,0.14152700186219738,0.475,0.218077474892396,160.0
5,CS_SHAP_Union,Linear_Logistic_SGD_Scaled,19,,,,,,,,,,per_class,MITM,1.0,1.0,1.0,64.0
5,CS_SHAP_Union,Linear_Logistic_SGD_Scaled,19,,,,,,,,,,per_class,Normal,1.0,1.0,1.0,3888.0
5,CS_SHAP_Union,Linear_Logistic_SGD_Scaled,19,,,,,,,,,,per_class,Password,0.551255940257977,0.5078173858661663,0.5286458333333333,1599.0
5,CS_SHAP_Union,Linear_Logistic_SGD_Scaled,19,,,,,,,,,,per_class,Port_Scanning,0.8223915592028136,0.8708876474239603,0.8459451311425988,1611.0
5,CS_SHAP_Union,Linear_Logistic_SGD_Scaled,19,,,,,,,,,,per_class,Ransomware,0.8570417551309271,0.6927917620137299,0.7662132236633977,1748.0
5,CS_SHAP_Union,Linear_Logistic_SGD_Scaled,19,,,,,,,,,,per_class,SQL_injection,0.5223730517848165,0.6300788356579745,0.5711929631665751,1649.0
5,CS_SHAP_Union,Linear_Logistic_SGD_Scaled,19,,,,,,,,,,per_class,Uploading,0.7172848145556333,0.6238587948874011,0.6673177083333334,1643.0
5,CS_SHAP_Union,Linear_Logistic_SGD_Scaled,19,,,,,,,,,,per_class,Vulnerability_scanner,0.8524691358024692,0.8566997518610422,0.8545792079207921,1612.0
5,CS_SHAP_Union,Linear_Logistic_SGD_Scaled,19,,,,,,,,,,per_class,XSS,0.7506775067750677,0.6890547263681592,0.7185473411154345,1608.0
5,Mutual_Information_19,Linear_Logistic_SGD_Scaled,19,0.7865190906557312,0.7448829795161725,0.7847454830828555,0.7511075443303596,0.768470989837023,5.628401906000363,0.04413689600005455,0.0017572519011050105,9286.0,aggregate,,,,,
5,Mutual_Information_19,Linear_Logistic_SGD_Scaled,19,,,,,,,,,,per_class,Backdoor,0.9522760646108663,0.7947303921568627,0.8663994655978624,1632.0
5,Mutual_Information_19,Linear_Logistic_SGD_Scaled,19,,,,,,,,,,per_class,DDoS_HTTP,0.7528542646071189,0.6637063351095323,0.7054751415984897,1689.0
5,Mutual_Information_19,Linear_Logistic_SGD_Scaled,19,,,,,,,,,,per_class,DDoS_ICMP,0.951530612244898,0.9924611973392461,0.9715650097677446,2255.0
5,Mutual_Information_19,Linear_Logistic_SGD_Scaled,19,,,,,,,,,,per_class,DDoS_TCP,0.8300341296928327,0.7419158023184869,0.7835051546391751,1639.0
5,Mutual_Information_19,Linear_Logistic_SGD_Scaled,19,,,,,,,,,,per_class,DDoS_UDP,1.0,0.9495689655172413,0.9741322131328763,2320.0
5,Mutual_Information_19,Linear_Logistic_SGD_Scaled,19,,,,,,,,,,per_class,Fingerprinting,0.3380952380952381,0.44375,0.3837837837837838,160.0
5,Mutual_Information_19,Linear_Logistic_SGD_Scaled,19,,,,,,,,,,per_class,MITM,1.0,1.0,1.0,64.0
5,Mutual_Information_19,Linear_Logistic_SGD_Scaled,19,,,,,,,,,,per_class,Normal,1.0,1.0,1.0,3888.0
5,Mutual_Information_19,Linear_Logistic_SGD_Scaled,19,,,,,,,,,,per_class,Password,0.45384615384615384,0.7379612257661038,0.562038580614432,1599.0
5,Mutual_Information_19,Linear_Logistic_SGD_Scaled,19,,,,,,,,,,per_class,Port_Scanning,0.7390476190476191,0.9633767846058349,0.8364322285098357,1611.0
5,Mutual_Information_19,Linear_Logistic_SGD_Scaled,19,,,,,,,,,,per_class,Ransomware,0.7776449491930664,0.744279176201373,0.7605963168664133,1748.0
5,Mutual_Information_19,Linear_Logistic_SGD_Scaled,19,,,,,,,,,,per_class,SQL_injection,0.37628865979381443,0.2656155245603396,0.31141130465694994,1649.0
5,Mutual_Information_19,Linear_Logistic_SGD_Scaled,19,,,,,,,,,,per_class,Uploading,0.6708074534161491,0.46013390139987825,0.5458483754512635,1643.0
5,Mutual_Information_19,Linear_Logistic_SGD_Scaled,19,,,,,,,,,,per_class,Vulnerability_scanner,0.8520859671302149,0.8362282878411911,0.844082654978084,1612.0
5,Mutual_Information_19,Linear_Logistic_SGD_Scaled,19,,,,,,,,,,per_class,XSS,0.588683351468988,0.6728855721393034,0.6279744631456762,1608.0
5,Random_Forest_Importance_19,Linear_Logistic_SGD_Scaled,19,0.7838117609587132,0.7422902082450223,0.7815043698019868,0.7485505329912407,0.7648174493206716,5.3389190099996995,0.04126982700017834,0.0016431033562996512,9281.0,aggregate,,,,,
5,Random_Forest_Importance_19,Linear_Logistic_SGD_Scaled,19,,,,,,,,,,per_class,Backdoor,0.9534717251252685,0.8161764705882353,0.8794981842192142,1632.0
5,Random_Forest_Importance_19,Linear_Logistic_SGD_Scaled,19,,,,,,,,,,per_class,DDoS_HTTP,0.6581532416502947,0.7933688573120189,0.7194630872483221,1689.0
5,Random_Forest_Importance_19,Linear_Logistic_SGD_Scaled,19,,,,,,,,,,per_class,DDoS_ICMP,0.951530612244898,0.9924611973392461,0.9715650097677446,2255.0
5,Random_Forest_Importance_19,Linear_Logistic_SGD_Scaled,19,,,,,,,,,,per_class,DDoS_TCP,0.8210144927536231,0.6912751677852349,0.7505796621397813,1639.0
5,Random_Forest_Importance_19,Linear_Logistic_SGD_Scaled,19,,,,,,,,,,per_class,DDoS_UDP,1.0,0.9482758620689655,0.9734513274336283,2320.0
5,Random_Forest_Importance_19,Linear_Logistic_SGD_Scaled,19,,,,,,,,,,per_class,Fingerprinting,0.3523809523809524,0.4625,0.4000000000000001,160.0
5,Random_Forest_Importance_19,Linear_Logistic_SGD_Scaled,19,,,,,,,,,,per_class,MITM,1.0,1.0,1.0,64.0
5,Random_Forest_Importance_19,Linear_Logistic_SGD_Scaled,19,,,,,,,,,,per_class,Normal,1.0,1.0,1.0,3888.0
5,Random_Forest_Importance_19,Linear_Logistic_SGD_Scaled,19,,,,,,,,,,per_class,Password,0.4064093226511289,0.34896810506566606,0.3755047106325706,1599.0
5,Random_Forest_Importance_19,Linear_Logistic_SGD_Scaled,19,,,,,,,,,,per_class,Port_Scanning,0.7312271062271062,0.9913097454996896,0.8416337285902503,1611.0
5,Random_Forest_Importance_19,Linear_Logistic_SGD_Scaled,19,,,,,,,,,,per_class,Ransomware,0.7600487210718636,0.7139588100686499,0.7362831858407078,1748.0
5,Random_Forest_Importance_19,Linear_Logistic_SGD_Scaled,19,,,,,,,,,,per_class,SQL_injection,0.44521019986216404,0.3917525773195876,0.41677419354838713,1649.0
5,Random_Forest_Importance_19,Linear_Logistic_SGD_Scaled,19,,,,,,,,,,per_class,Uploading,0.5428156748911466,0.6828971393791844,0.6048517520215634,1643.0
5,Random_Forest_Importance_19,Linear_Logistic_SGD_Scaled,19,,,,,,,,,,per_class,Vulnerability_scanner,0.8517110266159695,0.8337468982630273,0.8426332288401254,1612.0
5,Random_Forest_Importance_19,Linear_Logistic_SGD_Scaled,19,,,,,,,,,,per_class,XSS,0.6972972972972973,0.5615671641791045,0.6221150533930417,1608.0
