outer_fold,selector,feature_count,record_type,accuracy,macro_f1,weighted_f1,balanced_accuracy,mcc,training_seconds,inference_seconds,milliseconds_per_record,minority_classes,class_name,class_precision,class_recall,class_f1,class_support
1,Full_Controlled,34,aggregate,0.9876334713445195,0.9627323559761305,0.9877032795352889,0.9662350389855059,0.9858380702991053,52.09363522300009,1.3339426319998893,0.03633532991936939,mitm,,,,,
1,Full_Controlled,34,per_class,,,,,,,,,mitm,backdoor,0.9997326203208556,0.9991982896846606,0.9994653835872761,3742.0
1,Full_Controlled,34,per_class,,,,,,,,,mitm,ddos,0.986404833836858,0.9799899949974987,0.9831869510664993,3998.0
1,Full_Controlled,34,per_class,,,,,,,,,mitm,dos,0.9889693209238194,0.9781793385612001,0.9835447377442578,2933.0
1,Full_Controlled,34,per_class,,,,,,,,,mitm,injection,0.979529946929492,0.9706987227648385,0.9750943396226415,3993.0
1,Full_Controlled,34,per_class,,,,,,,,,mitm,mitm,0.7030567685589519,0.7740384615384616,0.7368421052631579,208.0
1,Full_Controlled,34,per_class,,,,,,,,,mitm,normal,0.9970220369267421,0.9977351293360353,0.9973784556720686,8389.0
1,Full_Controlled,34,per_class,,,,,,,,,mitm,password,0.9906894816305989,0.9919375157470396,0.9913131058793907,3969.0
1,Full_Controlled,34,per_class,,,,,,,,,mitm,ransomware,0.9985994397759104,0.9992992291520673,0.9989492119089317,2854.0
1,Full_Controlled,34,per_class,,,,,,,,,mitm,scanning,0.98690539818279,0.991941982272361,0.9894172806430007,3723.0
1,Full_Controlled,34,per_class,,,,,,,,,mitm,xss,0.9650373387644263,0.9793317258008957,0.972131988374081,2903.0
1,Natural_Global_Stable,15,aggregate,0.9873338417955981,0.9627473192599239,0.987387900072943,0.9654951342381436,0.9854938912573439,28.79237946000012,1.0809290899999269,0.029443481422965975,mitm,,,,,
1,Natural_Global_Stable,15,per_class,,,,,,,,,mitm,backdoor,0.9997326203208556,0.9991982896846606,0.9994653835872761,3742.0
1,Natural_Global_Stable,15,per_class,,,,,,,,,mitm,ddos,0.9868918578270733,0.9792396198099049,0.9830508474576272,3998.0
1,Natural_Global_Stable,15,per_class,,,,,,,,,mitm,dos,0.9882758620689656,0.9771564950562563,0.9826847248414196,2933.0
1,Natural_Global_Stable,15,per_class,,,,,,,,,mitm,injection,0.9790509843513377,0.97145003756574,0.9752357008170962,3993.0
1,Natural_Global_Stable,15,per_class,,,,,,,,,mitm,mitm,0.7111111111111111,0.7692307692307693,0.7390300230946882,208.0
1,Natural_Global_Stable,15,per_class,,,,,,,,,mitm,normal,0.9950047573739296,0.9972583144594112,0.9961302613561945,8389.0
1,Natural_Global_Stable,15,per_class,,,,,,,,,mitm,password,0.9919354838709677,0.9916855631141346,0.9918105077485196,3969.0
1,Natural_Global_Stable,15,per_class,,,,,,,,,mitm,ransomware,0.9985994397759104,0.9992992291520673,0.9989492119089317,2854.0
1,Natural_Global_Stable,15,per_class,,,,,,,,,mitm,scanning,0.9869123931623932,0.9924791834542036,0.9896879603589126,3723.0
1,Natural_Global_Stable,15,per_class,,,,,,,,,mitm,xss,0.9649898028552005,0.9779538408542887,0.9714285714285714,2903.0
1,Stable_Balanced_Core,15,aggregate,0.9868162998474613,0.96193496772828,0.9868684452375637,0.9646664452794222,0.984901012891883,28.58261613799982,1.0662161940001624,0.029042716114626346,mitm,,,,,
1,Stable_Balanced_Core,15,per_class,,,,,,,,,mitm,backdoor,0.9997326203208556,0.9991982896846606,0.9994653835872761,3742.0
1,Stable_Balanced_Core,15,per_class,,,,,,,,,mitm,ddos,0.9858514401212733,0.9759879939969985,0.9808949220713926,3998.0
1,Stable_Balanced_Core,15,per_class,,,,,,,,,mitm,dos,0.9862495702990719,0.9781793385612001,0.9821978774392331,2933.0
1,Stable_Balanced_Core,15,per_class,,,,,,,,,mitm,injection,0.979040404040404,0.9709491610318056,0.9749779957248836,3993.0
1,Stable_Balanced_Core,15,per_class,,,,,,,,,mitm,mitm,0.7066666666666667,0.7644230769230769,0.7344110854503464,208.0
1,Stable_Balanced_Core,15,per_class,,,,,,,,,mitm,normal,0.9938190895043385,0.996662295863631,0.99523866206404,8389.0
1,Stable_Balanced_Core,15,per_class,,,,,,,,,mitm,password,0.9919314170448815,0.9911816578483245,0.9915563957151858,3969.0
1,Stable_Balanced_Core,15,per_class,,,,,,,,,mitm,ransomware,0.9985999299964998,0.9996496145760336,0.9991244965855367,2854.0
1,Stable_Balanced_Core,15,per_class,,,,,,,,,mitm,scanning,0.986648865153538,0.9924791834542036,0.9895554365291912,3723.0
1,Stable_Balanced_Core,15,per_class,,,,,,,,,mitm,xss,0.9659748213678122,0.9779538408542887,0.9719274221157138,2903.0
1,Stable_Minority_Only,13,aggregate,0.9866528655480497,0.9617682313342574,0.9866964133030762,0.9640915212877289,0.9847137771121112,26.154868795999846,1.1219143920000079,0.030559882109392242,mitm,,,,,
1,Stable_Minority_Only,13,per_class,,,,,,,,,mitm,backdoor,0.9997326203208556,0.9991982896846606,0.9994653835872761,3742.0
1,Stable_Minority_Only,13,per_class,,,,,,,,,mitm,ddos,0.9858227848101265,0.9739869934967483,0.9798691494715652,3998.0
1,Stable_Minority_Only,13,per_class,,,,,,,,,mitm,dos,0.9869191049913941,0.9774974428912376,0.9821856800274067,2933.0
1,Stable_Minority_Only,13,per_class,,,,,,,,,mitm,injection,0.979040404040404,0.9709491610318056,0.9749779957248836,3993.0
1,Stable_Minority_Only,13,per_class,,,,,,,,,mitm,mitm,0.7085201793721974,0.7596153846153846,0.7331786542923434,208.0
1,Stable_Minority_Only,13,per_class,,,,,,,,,mitm,normal,0.9924044623783527,0.996781499582787,0.9945881653285756,8389.0
1,Stable_Minority_Only,13,per_class,,,,,,,,,mitm,password,0.991179435483871,0.9909297052154195,0.9910545546176137,3969.0
1,Stable_Minority_Only,13,per_class,,,,,,,,,mitm,ransomware,0.9985999299964998,0.9996496145760336,0.9991244965855367,2854.0
1,Stable_Minority_Only,13,per_class,,,,,,,,,mitm,scanning,0.9882258496119882,0.991941982272361,0.9900804289544236,3723.0
1,Stable_Minority_Only,13,per_class,,,,,,,,,mitm,xss,0.9660556687033266,0.9803651395108508,0.9731578047529492,2903.0
1,CS_SHAP_Union,15,aggregate,0.9868162998474613,0.96193496772828,0.9868684452375637,0.9646664452794222,0.984901012891883,28.04050545700011,1.0589662610000232,0.028845234827849835,mitm,,,,,
1,CS_SHAP_Union,15,per_class,,,,,,,,,mitm,backdoor,0.9997326203208556,0.9991982896846606,0.9994653835872761,3742.0
1,CS_SHAP_Union,15,per_class,,,,,,,,,mitm,ddos,0.9858514401212733,0.9759879939969985,0.9808949220713926,3998.0
1,CS_SHAP_Union,15,per_class,,,,,,,,,mitm,dos,0.9862495702990719,0.9781793385612001,0.9821978774392331,2933.0
1,CS_SHAP_Union,15,per_class,,,,,,,,,mitm,injection,0.979040404040404,0.9709491610318056,0.9749779957248836,3993.0
1,CS_SHAP_Union,15,per_class,,,,,,,,,mitm,mitm,0.7066666666666667,0.7644230769230769,0.7344110854503464,208.0
1,CS_SHAP_Union,15,per_class,,,,,,,,,mitm,normal,0.9938190895043385,0.996662295863631,0.99523866206404,8389.0
1,CS_SHAP_Union,15,per_class,,,,,,,,,mitm,password,0.9919314170448815,0.9911816578483245,0.9915563957151858,3969.0
1,CS_SHAP_Union,15,per_class,,,,,,,,,mitm,ransomware,0.9985999299964998,0.9996496145760336,0.9991244965855367,2854.0
1,CS_SHAP_Union,15,per_class,,,,,,,,,mitm,scanning,0.986648865153538,0.9924791834542036,0.9895554365291912,3723.0
1,CS_SHAP_Union,15,per_class,,,,,,,,,mitm,xss,0.9659748213678122,0.9779538408542887,0.9719274221157138,2903.0
1,Mutual_Information_Matched,15,aggregate,0.9870342122466769,0.9620171678629109,0.9870998122431098,0.9652618633385913,0.9851511864443723,27.476574408000033,1.064759254000137,0.02900303045326152,mitm,,,,,
1,Mutual_Information_Matched,15,per_class,,,,,,,,,mitm,backdoor,0.9997326203208556,0.9991982896846606,0.9994653835872761,3742.0
1,Mutual_Information_Matched,15,per_class,,,,,,,,,mitm,ddos,0.9853977844914401,0.9789894947473737,0.9821831869510665,3998.0
1,Mutual_Information_Matched,15,per_class,,,,,,,,,mitm,dos,0.9889464594127807,0.9761336515513126,0.9824982841455044,2933.0
1,Mutual_Information_Matched,15,per_class,,,,,,,,,mitm,injection,0.9785407725321889,0.9706987227648385,0.9746039728438521,3993.0
1,Mutual_Information_Matched,15,per_class,,,,,,,,,mitm,mitm,0.7017543859649122,0.7692307692307693,0.7339449541284404,208.0
1,Mutual_Information_Matched,15,per_class,,,,,,,,,mitm,normal,0.9952392287550583,0.996781499582787,0.9960097671371568,8389.0
1,Mutual_Information_Matched,15,per_class,,,,,,,,,mitm,password,0.99093427348275,0.9914336104812296,0.9911838790931989,3969.0
1,Mutual_Information_Matched,15,per_class,,,,,,,,,mitm,ransomware,0.9985994397759104,0.9992992291520673,0.9989492119089317,2854.0
1,Mutual_Information_Matched,15,per_class,,,,,,,,,mitm,scanning,0.9869088966069998,0.9922105828632823,0.989552638628449,3723.0
1,Mutual_Information_Matched,15,per_class,,,,,,,,,mitm,xss,0.9650135869565217,0.9786427833275921,0.9717804002052335,2903.0
1,Random_Forest_Importance_Matched,15,aggregate,0.9866528655480497,0.9628476996380437,0.9867356347949178,0.9671896204443463,0.9847144449990884,30.636699679000003,1.1324426179999136,0.03084666098278257,mitm,,,,,
1,Random_Forest_Importance_Matched,15,per_class,,,,,,,,,mitm,backdoor,0.9997326203208556,0.9991982896846606,0.9994653835872761,3742.0
1,Random_Forest_Importance_Matched,15,per_class,,,,,,,,,mitm,ddos,0.9853275992916772,0.9742371185592796,0.979750974720161,3998.0
1,Random_Forest_Importance_Matched,15,per_class,,,,,,,,,mitm,dos,0.9892955801104972,0.9768155472212752,0.9830159547092125,2933.0
1,Random_Forest_Importance_Matched,15,per_class,,,,,,,,,mitm,injection,0.978315683308119,0.9717004758327072,0.974996858901872,3993.0
1,Random_Forest_Importance_Matched,15,per_class,,,,,,,,,mitm,mitm,0.7021276595744681,0.7932692307692307,0.744920993227991,208.0
1,Random_Forest_Importance_Matched,15,per_class,,,,,,,,,mitm,normal,0.9929920418101912,0.9965430921444749,0.9947643979057592,8389.0
1,Random_Forest_Importance_Matched,15,per_class,,,,,,,,,mitm,password,0.9926841574167508,0.9914336104812296,0.9920584898525148,3969.0
1,Random_Forest_Importance_Matched,15,per_class,,,,,,,,,mitm,ransomware,0.9985994397759104,0.9992992291520673,0.9989492119089317,2854.0
1,Random_Forest_Importance_Matched,15,per_class,,,,,,,,,mitm,scanning,0.9871760619823671,0.9924791834542036,0.989820519689258,3723.0
1,Random_Forest_Importance_Matched,15,per_class,,,,,,,,,mitm,xss,0.964625850340136,0.9769204271443335,0.9707342118774602,2903.0
2,Full_Controlled,34,aggregate,0.98918609718893,0.96700647784781,0.9893026186244763,0.9736655923241282,0.9876188584711657,51.154961061999984,1.3480959459998303,0.036720852745691604,mitm,,,,,
2,Full_Controlled,34,per_class,,,,,,,,,mitm,backdoor,1.0,0.9997327632282202,0.9998663637578511,3742.0
2,Full_Controlled,34,per_class,,,,,,,,,mitm,ddos,0.9904330312185297,0.9842381786339754,0.9873258878152842,3997.0
2,Full_Controlled,34,per_class,,,,,,,,,mitm,dos,0.9848589125946318,0.9754601226993865,0.9801369863013699,2934.0
2,Full_Controlled,34,per_class,,,,,,,,,mitm,injection,0.9850557244174265,0.973954420235412,0.9794736179322503,3993.0
2,Full_Controlled,34,per_class,,,,,,,,,mitm,mitm,0.7073170731707317,0.8365384615384616,0.7665198237885462,208.0
2,Full_Controlled,34,per_class,,,,,,,,,mitm,normal,0.9973800166726212,0.9983311479318154,0.9978553556535208,8389.0
2,Full_Controlled,34,per_class,,,,,,,,,mitm,password,0.9959462883202432,0.9904257999496094,0.993178372915614,3969.0
2,Full_Controlled,34,per_class,,,,,,,,,mitm,ransomware,0.9992994746059545,1.0,0.9996496145760336,2853.0
2,Full_Controlled,34,per_class,,,,,,,,,mitm,scanning,0.988748995446022,0.9914047810905184,0.9900751072961373,3723.0
2,Full_Controlled,34,per_class,,,,,,,,,mitm,xss,0.9656218402426694,0.9865702479338843,0.9759836484414921,2904.0
2,Natural_Global_Stable,15,aggregate,0.9884506428415777,0.9640977429025753,0.9885676496516477,0.9699089902584799,0.9867765063886386,48.209308385999975,1.089370400000007,0.0296734146872959,mitm,,,,,
2,Natural_Global_Stable,15,per_class,,,,,,,,,mitm,backdoor,1.0,0.9997327632282202,0.9998663637578511,3742.0
2,Natural_Global_Stable,15,per_class,,,,,,,,,mitm,ddos,0.9896699420508944,0.9827370527895922,0.9861913130805925,3997.0
2,Natural_Global_Stable,15,per_class,,,,,,,,,mitm,dos,0.9838432451014094,0.9754601226993865,0.9796337497860688,2934.0
2,Natural_Global_Stable,15,per_class,,,,,,,,,mitm,injection,0.9840546697038725,0.9737039819684448,0.9788519637462235,3993.0
2,Natural_Global_Stable,15,per_class,,,,,,,,,mitm,mitm,0.6900826446280992,0.8028846153846154,0.7422222222222222,208.0
2,Natural_Global_Stable,15,per_class,,,,,,,,,mitm,normal,0.9964260185847034,0.9970199070210991,0.9967228743371268,8389.0
2,Natural_Global_Stable,15,per_class,,,,,,,,,mitm,password,0.9959421760081156,0.9894179894179894,0.9926693629929222,3969.0
2,Natural_Global_Stable,15,per_class,,,,,,,,,mitm,ransomware,0.9992994746059545,1.0,0.9996496145760336,2853.0
2,Natural_Global_Stable,15,per_class,,,,,,,,,mitm,scanning,0.9885057471264368,0.9932849852269675,0.9908896034297964,3723.0
2,Natural_Global_Stable,15,per_class,,,,,,,,,mitm,xss,0.9639366363329963,0.9848484848484849,0.9742803610969171,2904.0
2,Stable_Balanced_Core,15,aggregate,0.9884506428415777,0.9640977429025753,0.9885676496516477,0.9699089902584799,0.9867765063886386,37.06231638600002,1.3416794119998485,0.03654607245586861,mitm,,,,,
2,Stable_Balanced_Core,15,per_class,,,,,,,,,mitm,backdoor,1.0,0.9997327632282202,0.9998663637578511,3742.0
2,Stable_Balanced_Core,15,per_class,,,,,,,,,mitm,ddos,0.9896699420508944,0.9827370527895922,0.9861913130805925,3997.0
2,Stable_Balanced_Core,15,per_class,,,,,,,,,mitm,dos,0.9838432451014094,0.9754601226993865,0.9796337497860688,2934.0
2,Stable_Balanced_Core,15,per_class,,,,,,,,,mitm,injection,0.9840546697038725,0.9737039819684448,0.9788519637462235,3993.0
2,Stable_Balanced_Core,15,per_class,,,,,,,,,mitm,mitm,0.6900826446280992,0.8028846153846154,0.7422222222222222,208.0
2,Stable_Balanced_Core,15,per_class,,,,,,,,,mitm,normal,0.9964260185847034,0.9970199070210991,0.9967228743371268,8389.0
2,Stable_Balanced_Core,15,per_class,,,,,,,,,mitm,password,0.9959421760081156,0.9894179894179894,0.9926693629929222,3969.0
2,Stable_Balanced_Core,15,per_class,,,,,,,,,mitm,ransomware,0.9992994746059545,1.0,0.9996496145760336,2853.0
2,Stable_Balanced_Core,15,per_class,,,,,,,,,mitm,scanning,0.9885057471264368,0.9932849852269675,0.9908896034297964,3723.0
2,Stable_Balanced_Core,15,per_class,,,,,,,,,mitm,xss,0.9639366363329963,0.9848484848484849,0.9742803610969171,2904.0
2,Stable_Minority_Only,15,aggregate,0.9890226628895185,0.9667605721552415,0.9891287776251283,0.9727693864739422,0.9874314710384493,41.91256901299994,1.0988960820000102,0.029932885214643993,mitm,,,,,
2,Stable_Minority_Only,15,per_class,,,,,,,,,mitm,backdoor,1.0,0.9997327632282202,0.9998663637578511,3742.0
2,Stable_Minority_Only,15,per_class,,,,,,,,,mitm,ddos,0.9896699420508944,0.9827370527895922,0.9861913130805925,3997.0
2,Stable_Minority_Only,15,per_class,,,,,,,,,mitm,dos,0.9855570839064649,0.9768234492160872,0.9811708319068813,2934.0
2,Stable_Minority_Only,15,per_class,,,,,,,,,mitm,injection,0.9845686820136605,0.9747057350363135,0.9796123835892273,3993.0
2,Stable_Minority_Only,15,per_class,,,,,,,,,mitm,mitm,0.7107438016528925,0.8269230769230769,0.7644444444444445,208.0
2,Stable_Minority_Only,15,per_class,,,,,,,,,mitm,normal,0.9971387696709585,0.9970199070210991,0.9970793348036001,8389.0
2,Stable_Minority_Only,15,per_class,,,,,,,,,mitm,password,0.9956962025316456,0.9909297052154195,0.9933072357620911,3969.0
2,Stable_Minority_Only,15,per_class,,,,,,,,,mitm,ransomware,0.9992994746059545,1.0,0.9996496145760336,2853.0
2,Stable_Minority_Only,15,per_class,,,,,,,,,mitm,scanning,0.9877136752136753,0.9932849852269675,0.9904914959153609,3723.0
2,Stable_Minority_Only,15,per_class,,,,,,,,,mitm,xss,0.9662390276839973,0.9855371900826446,0.9757927037163314,2904.0
2,CS_SHAP_Union,16,aggregate,0.9892405752887339,0.9676173260748338,0.9893472900862564,0.9738391966467177,0.9876811379538671,31.18024911099974,1.1463859039999988,0.031226462845935905,mitm,,,,,
2,CS_SHAP_Union,16,per_class,,,,,,,,,mitm,backdoor,1.0,0.9997327632282202,0.9998663637578511,3742.0
2,CS_SHAP_Union,16,per_class,,,,,,,,,mitm,ddos,0.9906730526846483,0.9832374280710533,0.9869412355600201,3997.0
2,CS_SHAP_Union,16,per_class,,,,,,,,,mitm,dos,0.9865794907088782,0.9771642808452624,0.9818493150684932,2934.0
2,CS_SHAP_Union,16,per_class,,,,,,,,,mitm,injection,0.984070796460177,0.9747057350363135,0.9793658782083543,3993.0
2,CS_SHAP_Union,16,per_class,,,,,,,,,mitm,mitm,0.7160493827160493,0.8365384615384616,0.7716186252771619,208.0
2,CS_SHAP_Union,16,per_class,,,,,,,,,mitm,normal,0.9972589679418424,0.9974967218977232,0.9973778307508939,8389.0
2,CS_SHAP_Union,16,per_class,,,,,,,,,mitm,password,0.995694022289767,0.9904257999496094,0.9930529240874069,3969.0
2,CS_SHAP_Union,16,per_class,,,,,,,,,mitm,ransomware,0.9992994746059545,1.0,0.9996496145760336,2853.0
2,CS_SHAP_Union,16,per_class,,,,,,,,,mitm,scanning,0.9887730553327987,0.9935535858178888,0.9911575562700965,3723.0
2,CS_SHAP_Union,16,per_class,,,,,,,,,mitm,xss,0.9652613827993255,0.9855371900826446,0.9752939171920258,2904.0
2,Mutual_Information_Matched,16,aggregate,0.9888864676400088,0.9658533588974493,0.9890034447151852,0.9721692899573903,0.9872761895763154,29.86647146400037,1.139088437999817,0.031027686805399243,mitm,,,,,
2,Mutual_Information_Matched,16,per_class,,,,,,,,,mitm,backdoor,1.0,0.9997327632282202,0.9998663637578511,3742.0
2,Mutual_Information_Matched,16,per_class,,,,,,,,,mitm,ddos,0.990176322418136,0.9834876157117839,0.9868206351198695,3997.0
2,Mutual_Information_Matched,16,per_class,,,,,,,,,mitm,dos,0.9852132049518569,0.976482617586912,0.9808284833960972,2934.0
2,Mutual_Information_Matched,16,per_class,,,,,,,,,mitm,injection,0.9843037974683544,0.9737039819684448,0.9789751982878006,3993.0
2,Mutual_Information_Matched,16,per_class,,,,,,,,,mitm,mitm,0.7008196721311475,0.8221153846153846,0.7566371681415929,208.0
2,Mutual_Information_Matched,16,per_class,,,,,,,,,mitm,normal,0.9974961249552879,0.9972583144594112,0.9973772055317119,8389.0
2,Mutual_Information_Matched,16,per_class,,,,,,,,,mitm,password,0.9954384186517993,0.9896699420508944,0.9925457991156033,3969.0
2,Mutual_Information_Matched,16,per_class,,,,,,,,,mitm,ransomware,0.9992994746059545,1.0,0.9996496145760336,2853.0
2,Mutual_Information_Matched,16,per_class,,,,,,,,,mitm,scanning,0.9877103927331018,0.9930163846360462,0.990356281810876,3723.0
2,Mutual_Information_Matched,16,per_class,,,,,,,,,mitm,xss,0.9649595687331537,0.9862258953168044,0.9754768392370572,2904.0
2,Random_Forest_Importance_Matched,16,aggregate,0.9888592285901068,0.9644579055888212,0.9889970901173759,0.9712890578321636,0.9872456799306253,30.568736315000024,1.1544282820000262,0.03144552958160891,mitm,,,,,
2,Random_Forest_Importance_Matched,16,per_class,,,,,,,,,mitm,backdoor,1.0,0.9997327632282202,0.9998663637578511,3742.0
2,Random_Forest_Importance_Matched,16,per_class,,,,,,,,,mitm,ddos,0.9901738473167044,0.9832374280710533,0.9866934471503892,3997.0
2,Random_Forest_Importance_Matched,16,per_class,,,,,,,,,mitm,dos,0.9862306368330465,0.976482617586912,0.9813324199349204,2934.0
2,Random_Forest_Importance_Matched,16,per_class,,,,,,,,,mitm,injection,0.9853015712113533,0.9737039819684448,0.979468446907671,3993.0
2,Random_Forest_Importance_Matched,16,per_class,,,,,,,,,mitm,mitm,0.6814516129032258,0.8125,0.7412280701754386,208.0
2,Random_Forest_Importance_Matched,16,per_class,,,,,,,,,mitm,normal,0.9969010727056019,0.9970199070210991,0.9969604863221885,8389.0
2,Random_Forest_Importance_Matched,16,per_class,,,,,,,,,mitm,password,0.9961957900076084,0.9896699420508944,0.9929221435793731,3969.0
2,Random_Forest_Importance_Matched,16,per_class,,,,,,,,,mitm,ransomware,0.9992994746059545,1.0,0.9996496145760336,2853.0
2,Random_Forest_Importance_Matched,16,per_class,,,,,,,,,mitm,scanning,0.9879775581084691,0.9932849852269675,0.990624162871685,3723.0
2,Random_Forest_Importance_Matched,16,per_class,,,,,,,,,mitm,xss,0.9646702557200538,0.9872589531680441,0.9758339006126616,2904.0
3,Full_Controlled,34,aggregate,0.9892678143386359,0.9701764732866985,0.9893114153215788,0.97306951251855,0.9877111427537202,54.91908562799972,1.3949738440001056,0.037997762148619135,mitm,,,,,
3,Full_Controlled,34,per_class,,,,,,,,,mitm,backdoor,0.9997328346246327,1.0,0.9998663994655979,3742.0
3,Full_Controlled,34,per_class,,,,,,,,,mitm,ddos,0.9879093198992444,0.9812359269452089,0.9845613154261328,3997.0
3,Full_Controlled,34,per_class,,,,,,,,,mitm,dos,0.9866300994172095,0.9809134287661895,0.9837634592377371,2934.0
3,Full_Controlled,34,per_class,,,,,,,,,mitm,injection,0.9845569620253165,0.973954420235412,0.979226992320282,3993.0
3,Full_Controlled,34,per_class,,,,,,,,,mitm,mitm,0.7713004484304933,0.8269230769230769,0.7981438515081206,208.0
3,Full_Controlled,34,per_class,,,,,,,,,mitm,normal,0.9966646813579512,0.9973775181785671,0.9970209723546235,8389.0
3,Full_Controlled,34,per_class,,,,,,,,,mitm,password,0.9952032315071951,0.9931972789115646,0.9941992433795712,3969.0
3,Full_Controlled,34,per_class,,,,,,,,,mitm,ransomware,1.0,1.0,1.0,2853.0
3,Full_Controlled,34,per_class,,,,,,,,,mitm,scanning,0.9898041320096592,0.9908675799086758,0.9903355704697987,3723.0
3,Full_Controlled,34,per_class,,,,,,,,,mitm,xss,0.9633366969391187,0.9862258953168044,0.9746469287051217,2904.0
3,Natural_Global_Stable,15,aggregate,0.9891316190891262,0.9687696377340324,0.9891866641471064,0.9721263590845675,0.9875550051935192,28.906642831000227,1.0840156519998345,0.02952755643930689,mitm,,,,,
3,Natural_Global_Stable,15,per_class,,,,,,,,,mitm,backdoor,0.9997328346246327,1.0,0.9998663994655979,3742.0
3,Natural_Global_Stable,15,per_class,,,,,,,,,mitm,ddos,0.9881582262534644,0.9812359269452089,0.9846849108712026,3997.0
3,Natural_Global_Stable,15,per_class,,,,,,,,,mitm,dos,0.9869639794168096,0.9805725971370143,0.9837579073345871,2934.0
3,Natural_Global_Stable,15,per_class,,,,,,,,,mitm,injection,0.9848331648129424,0.9757074881041823,0.9802490879355894,3993.0
3,Natural_Global_Stable,15,per_class,,,,,,,,,mitm,mitm,0.7522123893805309,0.8173076923076923,0.783410138248848,208.0
3,Natural_Global_Stable,15,per_class,,,,,,,,,mitm,normal,0.9959490051233171,0.9964238884253188,0.9961863901799547,8389.0
3,Natural_Global_Stable,15,per_class,,,,,,,,,mitm,password,0.9949520444220091,0.9931972789115646,0.9940738872777708,3969.0
3,Natural_Global_Stable,15,per_class,,,,,,,,,mitm,ransomware,0.9996494917630564,0.9996494917630564,0.9996494917630564,2853.0
3,Natural_Global_Stable,15,per_class,,,,,,,,,mitm,scanning,0.9900671140939598,0.9905989793177545,0.9903329752953813,3723.0
3,Natural_Global_Stable,15,per_class,,,,,,,,,mitm,xss,0.9646464646464646,0.9865702479338843,0.975485188968335,2904.0
3,Stable_Balanced_Core,15,aggregate,0.9887502723904991,0.9684424544991946,0.9888034586824263,0.9717089046736811,0.9871185695984872,28.706730672999583,1.078006293999806,0.029363867236865494,mitm,,,,,
3,Stable_Balanced_Core,15,per_class,,,,,,,,,mitm,backdoor,0.9997328346246327,1.0,0.9998663994655979,3742.0
3,Stable_Balanced_Core,15,per_class,,,,,,,,,mitm,ddos,0.988377968671046,0.9787340505379034,0.9835323695788812,3997.0
3,Stable_Balanced_Core,15,per_class,,,,,,,,,mitm,dos,0.9859396433470508,0.979890933878664,0.9829059829059829,2934.0
3,Stable_Balanced_Core,15,per_class,,,,,,,,,mitm,injection,0.9850557244174265,0.973954420235412,0.9794736179322503,3993.0
3,Stable_Balanced_Core,15,per_class,,,,,,,,,mitm,mitm,0.7522123893805309,0.8173076923076923,0.783410138248848,208.0
3,Stable_Balanced_Core,15,per_class,,,,,,,,,mitm,normal,0.9942931874925692,0.996900703301943,0.9955952380952381,8389.0
3,Stable_Balanced_Core,15,per_class,,,,,,,,,mitm,password,0.9957049014653866,0.9929453262786596,0.9943231991926328,3969.0
3,Stable_Balanced_Core,15,per_class,,,,,,,,,mitm,ransomware,1.0,0.9996494917630564,0.9998247151621384,2853.0
3,Stable_Balanced_Core,15,per_class,,,,,,,,,mitm,scanning,0.9908700322234156,0.9911361804995971,0.9910030884920102,3723.0
3,Stable_Balanced_Core,15,per_class,,,,,,,,,mitm,xss,0.9627016129032258,0.9865702479338843,0.9744897959183674,2904.0
3,Stable_Minority_Only,14,aggregate,0.9889137066899106,0.9685088077707904,0.9889616770973221,0.971442598477409,0.9873060568702594,27.59067222800013,1.0927729690001797,0.029766097434086397,mitm,,,,,
3,Stable_Minority_Only,14,per_class,,,,,,,,,mitm,backdoor,0.9997328346246327,1.0,0.9998663994655979,3742.0
3,Stable_Minority_Only,14,per_class,,,,,,,,,mitm,ddos,0.9893805309734514,0.978984238178634,0.9841549295774648,3997.0
3,Stable_Minority_Only,14,per_class,,,,,,,,,mitm,dos,0.9862825788751715,0.9802317655078391,0.9832478632478633,2934.0
3,Stable_Minority_Only,14,per_class,,,,,,,,,mitm,injection,0.9853052951608817,0.973954420235412,0.9795969773299749,3993.0
3,Stable_Minority_Only,14,per_class,,,,,,,,,mitm,mitm,0.7544642857142857,0.8125,0.7824074074074074,208.0
3,Stable_Minority_Only,14,per_class,,,,,,,,,mitm,normal,0.9944114149821641,0.996900703301943,0.9956545032442408,8389.0
3,Stable_Minority_Only,14,per_class,,,,,,,,,mitm,password,0.9957059863601919,0.9931972789115646,0.9944500504540867,3969.0
3,Stable_Minority_Only,14,per_class,,,,,,,,,mitm,ransomware,1.0,0.9996494917630564,0.9998247151621384,2853.0
3,Stable_Minority_Only,14,per_class,,,,,,,,,mitm,scanning,0.9903407566407298,0.9914047810905184,0.9908724832214765,3723.0
3,Stable_Minority_Only,14,per_class,,,,,,,,,mitm,xss,0.9627391742195368,0.987603305785124,0.9750127485976543,2904.0
3,CS_SHAP_Union,15,aggregate,0.9887502723904991,0.9684424544991946,0.9888034586824263,0.9717089046736811,0.9871185695984872,28.393850249000025,1.1041237279996494,0.030075281324897837,mitm,,,,,
3,CS_SHAP_Union,15,per_class,,,,,,,,,mitm,backdoor,0.9997328346246327,1.0,0.9998663994655979,3742.0
3,CS_SHAP_Union,15,per_class,,,,,,,,,mitm,ddos,0.988377968671046,0.9787340505379034,0.9835323695788812,3997.0
3,CS_SHAP_Union,15,per_class,,,,,,,,,mitm,dos,0.9859396433470508,0.979890933878664,0.9829059829059829,2934.0
3,CS_SHAP_Union,15,per_class,,,,,,,,,mitm,injection,0.9850557244174265,0.973954420235412,0.9794736179322503,3993.0
3,CS_SHAP_Union,15,per_class,,,,,,,,,mitm,mitm,0.7522123893805309,0.8173076923076923,0.783410138248848,208.0
3,CS_SHAP_Union,15,per_class,,,,,,,,,mitm,normal,0.9942931874925692,0.996900703301943,0.9955952380952381,8389.0
3,CS_SHAP_Union,15,per_class,,,,,,,,,mitm,password,0.9957049014653866,0.9929453262786596,0.9943231991926328,3969.0
3,CS_SHAP_Union,15,per_class,,,,,,,,,mitm,ransomware,1.0,0.9996494917630564,0.9998247151621384,2853.0
3,CS_SHAP_Union,15,per_class,,,,,,,,,mitm,scanning,0.9908700322234156,0.9911361804995971,0.9910030884920102,3723.0
3,CS_SHAP_Union,15,per_class,,,,,,,,,mitm,xss,0.9627016129032258,0.9865702479338843,0.9744897959183674,2904.0
3,Mutual_Information_Matched,15,aggregate,0.9890771409893223,0.9691474476148926,0.9891317383309643,0.9725108957496831,0.9874931200484109,27.561320218999754,1.0710215909998624,0.029173610563299802,mitm,,,,,
3,Mutual_Information_Matched,15,per_class,,,,,,,,,mitm,backdoor,0.9997328346246327,1.0,0.9998663994655979,3742.0
3,Mutual_Information_Matched,15,per_class,,,,,,,,,mitm,ddos,0.9884072580645161,0.9812359269452089,0.9848085373509102,3997.0
3,Mutual_Information_Matched,15,per_class,,,,,,,,,mitm,dos,0.9873026767330131,0.9805725971370143,0.9839261285909713,2934.0
3,Mutual_Information_Matched,15,per_class,,,,,,,,,mitm,injection,0.9850595087363889,0.9742048585023791,0.9796021153361874,3993.0
3,Mutual_Information_Matched,15,per_class,,,,,,,,,mitm,mitm,0.7566371681415929,0.8221153846153846,0.7880184331797235,208.0
3,Mutual_Information_Matched,15,per_class,,,,,,,,,mitm,normal,0.9955941890926411,0.996662295863631,0.9961279561565497,8389.0
3,Mutual_Information_Matched,15,per_class,,,,,,,,,mitm,password,0.9954522486104093,0.9926933736457546,0.9940708969345275,3969.0
3,Mutual_Information_Matched,15,per_class,,,,,,,,,mitm,ransomware,1.0,0.9996494917630564,0.9998247151621384,2853.0
3,Mutual_Information_Matched,15,per_class,,,,,,,,,mitm,scanning,0.9900751072961373,0.9914047810905184,0.9907394980539524,3723.0
3,Mutual_Information_Matched,15,per_class,,,,,,,,,mitm,xss,0.9627016129032258,0.9865702479338843,0.9744897959183674,2904.0
3,Random_Forest_Importance_Matched,15,aggregate,0.9887502723904991,0.9684896651381019,0.9887942317932326,0.9712517822285125,0.9871182226872424,28.72072075699998,1.1108364890001212,0.030258130556769482,mitm,,,,,
3,Random_Forest_Importance_Matched,15,per_class,,,,,,,,,mitm,backdoor,0.9997328346246327,1.0,0.9998663994655979,3742.0
3,Random_Forest_Importance_Matched,15,per_class,,,,,,,,,mitm,ddos,0.9888804649987364,0.978984238178634,0.9839074679406588,3997.0
3,Random_Forest_Importance_Matched,15,per_class,,,,,,,,,mitm,dos,0.9852588275625643,0.9795501022494888,0.9823961715945992,2934.0
3,Random_Forest_Importance_Matched,15,per_class,,,,,,,,,mitm,injection,0.9840546697038725,0.9737039819684448,0.9788519637462235,3993.0
3,Random_Forest_Importance_Matched,15,per_class,,,,,,,,,mitm,mitm,0.757847533632287,0.8125,0.7842227378190255,208.0
3,Random_Forest_Importance_Matched,15,per_class,,,,,,,,,mitm,normal,0.994647317711431,0.996781499582787,0.9957132650631103,8389.0
3,Random_Forest_Importance_Matched,15,per_class,,,,,,,,,mitm,password,0.9952044422009086,0.9934492315444696,0.9943260622872273,3969.0
3,Random_Forest_Importance_Matched,15,per_class,,,,,,,,,mitm,ransomware,1.0,0.9996494917630564,0.9998247151621384,2853.0
3,Random_Forest_Importance_Matched,15,per_class,,,,,,,,,mitm,scanning,0.9906090689562651,0.9916733816814397,0.9911409395973154,3723.0
3,Random_Forest_Importance_Matched,15,per_class,,,,,,,,,mitm,xss,0.9633366969391187,0.9862258953168044,0.9746469287051217,2904.0
4,Full_Controlled,34,aggregate,0.9879058618435389,0.9668130575487343,0.9880907352728348,0.9780415261146267,0.9861573025559774,52.648691998999766,1.4362231380000594,0.03912135372630365,mitm,,,,,
4,Full_Controlled,34,per_class,,,,,,,,,mitm,backdoor,1.0,0.9991982896846606,0.9995989840930357,3742.0
4,Full_Controlled,34,per_class,,,,,,,,,mitm,ddos,0.9869379552876162,0.9829872404303227,0.9849586362496866,3997.0
4,Full_Controlled,34,per_class,,,,,,,,,mitm,dos,0.9900034470872113,0.9788684389911384,0.9844044558697514,2934.0
4,Full_Controlled,34,per_class,,,,,,,,,mitm,injection,0.9836651352730985,0.9651890808915602,0.9743395272405512,3993.0
4,Full_Controlled,34,per_class,,,,,,,,,mitm,mitm,0.6851851851851852,0.893719806763285,0.7756813417190775,207.0
4,Full_Controlled,34,per_class,,,,,,,,,mitm,normal,0.9970188409253518,0.996662295863631,0.9968405365126677,8389.0
4,Full_Controlled,34,per_class,,,,,,,,,mitm,password,0.9949367088607595,0.9899244332493703,0.9924242424242424,3970.0
4,Full_Controlled,34,per_class,,,,,,,,,mitm,ransomware,0.9992987377279102,0.9989484752891693,0.9991235758106923,2853.0
4,Full_Controlled,34,per_class,,,,,,,,,mitm,scanning,0.988232147633057,0.9924791834542036,0.9903511123023319,3723.0
4,Full_Controlled,34,per_class,,,,,,,,,mitm,xss,0.9586693548387096,0.9824380165289256,0.9704081632653061,2904.0
4,Natural_Global_Stable,15,aggregate,0.9879058618435389,0.9671865381405915,0.9880628207900005,0.9767727398862458,0.9861572878319178,28.969399192999845,1.103063180999925,0.030046393032248993,mitm,,,,,
4,Natural_Global_Stable,15,per_class,,,,,,,,,mitm,backdoor,1.0,0.9991982896846606,0.9995989840930357,3742.0
4,Natural_Global_Stable,15,per_class,,,,,,,,,mitm,ddos,0.9864355689525245,0.9824868651488616,0.9844572574580095,3997.0
4,Natural_Global_Stable,15,per_class,,,,,,,,,mitm,dos,0.990358126721763,0.9802317655078391,0.9852689277149709,2934.0
4,Natural_Global_Stable,15,per_class,,,,,,,,,mitm,injection,0.984167517875383,0.9651890808915602,0.9745859147806296,3993.0
4,Natural_Global_Stable,15,per_class,,,,,,,,,mitm,mitm,0.7,0.8792270531400966,0.7794432548179872,207.0
4,Natural_Global_Stable,15,per_class,,,,,,,,,mitm,normal,0.9966607036374479,0.9961854809870068,0.9964230356504113,8389.0
4,Natural_Global_Stable,15,per_class,,,,,,,,,mitm,password,0.9954407294832827,0.9899244332493703,0.9926749179085628,3970.0
4,Natural_Global_Stable,15,per_class,,,,,,,,,mitm,ransomware,0.9992987377279102,0.9989484752891693,0.9991235758106923,2853.0
4,Natural_Global_Stable,15,per_class,,,,,,,,,mitm,scanning,0.9885088188134687,0.9935535858178888,0.9910247823174816,3723.0
4,Natural_Global_Stable,15,per_class,,,,,,,,,mitm,xss,0.9561139028475711,0.9827823691460055,0.9692647308541348,2904.0
4,Stable_Balanced_Core,14,aggregate,0.987415558945304,0.9666237773915707,0.9875904373454762,0.977295067148248,0.9855958458813528,28.26200352299975,1.0699343060000501,0.02914399395293229,mitm,,,,,
4,Stable_Balanced_Core,14,per_class,,,,,,,,,mitm,backdoor,1.0,0.9991982896846606,0.9995989840930357,3742.0
4,Stable_Balanced_Core,14,per_class,,,,,,,,,mitm,ddos,0.9858870967741935,0.9787340505379034,0.9822975517890772,3997.0
4,Stable_Balanced_Core,14,per_class,,,,,,,,,mitm,dos,0.9893213916637961,0.9788684389911384,0.9840671577865342,2934.0
4,Stable_Balanced_Core,14,per_class,,,,,,,,,mitm,injection,0.9846782431052093,0.9656899574254946,0.9750916677203186,3993.0
4,Stable_Balanced_Core,14,per_class,,,,,,,,,mitm,mitm,0.6891385767790262,0.8888888888888888,0.7763713080168776,207.0
4,Stable_Balanced_Core,14,per_class,,,,,,,,,mitm,normal,0.9944047619047619,0.9957086661103827,0.9950562868544881,8389.0
4,Stable_Balanced_Core,14,per_class,,,,,,,,,mitm,password,0.9961977186311787,0.9899244332493703,0.9930511686670878,3970.0
4,Stable_Balanced_Core,14,per_class,,,,,,,,,mitm,ransomware,0.9992989835261129,0.9992989835261129,0.9992989835261129,2853.0
4,Stable_Balanced_Core,14,per_class,,,,,,,,,mitm,scanning,0.9887610382659887,0.9924791834542036,0.9906166219839142,3723.0
4,Stable_Balanced_Core,14,per_class,,,,,,,,,mitm,xss,0.957774798927614,0.9841597796143251,0.9707880434782609,2904.0
4,Stable_Minority_Only,13,aggregate,0.9873338417955981,0.9656471241381717,0.9875045735578277,0.9754560514238898,0.9855014637282651,26.838946250999925,1.1407018780000726,0.03107163537807999,mitm,,,,,
4,Stable_Minority_Only,13,per_class,,,,,,,,,mitm,backdoor,1.0,0.9991982896846606,0.9995989840930357,3742.0
4,Stable_Minority_Only,13,per_class,,,,,,,,,mitm,ddos,0.984398590840463,0.9787340505379034,0.9815581482875423,3997.0
4,Stable_Minority_Only,13,per_class,,,,,,,,,mitm,dos,0.9907088781830695,0.9812542603953647,0.9859589041095891,2934.0
4,Stable_Minority_Only,13,per_class,,,,,,,,,mitm,injection,0.9851776130845898,0.9654395191585274,0.9752087022514546,3993.0
4,Stable_Minority_Only,13,per_class,,,,,,,,,mitm,mitm,0.6844106463878327,0.8695652173913043,0.7659574468085106,207.0
4,Stable_Minority_Only,13,per_class,,,,,,,,,mitm,normal,0.99404832758005,0.9954702586720706,0.9947587849910661,8389.0
4,Stable_Minority_Only,13,per_class,,,,,,,,,mitm,password,0.9954407294832827,0.9899244332493703,0.9926749179085628,3970.0
4,Stable_Minority_Only,13,per_class,,,,,,,,,mitm,ransomware,0.9996492458786391,0.9989484752891693,0.9992987377279102,2853.0
4,Stable_Minority_Only,13,per_class,,,,,,,,,mitm,scanning,0.9884934439389885,0.9922105828632823,0.9903485254691688,3723.0
4,Stable_Minority_Only,13,per_class,,,,,,,,,mitm,xss,0.9587248322147651,0.9838154269972452,0.9711080897348743,2904.0
4,CS_SHAP_Union,14,aggregate,0.987415558945304,0.9666237773915707,0.9875904373454762,0.977295067148248,0.9855958458813528,27.189860039999985,1.0721941130000232,0.029205548948573308,mitm,,,,,
4,CS_SHAP_Union,14,per_class,,,,,,,,,mitm,backdoor,1.0,0.9991982896846606,0.9995989840930357,3742.0
4,CS_SHAP_Union,14,per_class,,,,,,,,,mitm,ddos,0.9858870967741935,0.9787340505379034,0.9822975517890772,3997.0
4,CS_SHAP_Union,14,per_class,,,,,,,,,mitm,dos,0.9893213916637961,0.9788684389911384,0.9840671577865342,2934.0
4,CS_SHAP_Union,14,per_class,,,,,,,,,mitm,injection,0.9846782431052093,0.9656899574254946,0.9750916677203186,3993.0
4,CS_SHAP_Union,14,per_class,,,,,,,,,mitm,mitm,0.6891385767790262,0.8888888888888888,0.7763713080168776,207.0
4,CS_SHAP_Union,14,per_class,,,,,,,,,mitm,normal,0.9944047619047619,0.9957086661103827,0.9950562868544881,8389.0
4,CS_SHAP_Union,14,per_class,,,,,,,,,mitm,password,0.9961977186311787,0.9899244332493703,0.9930511686670878,3970.0
4,CS_SHAP_Union,14,per_class,,,,,,,,,mitm,ransomware,0.9992989835261129,0.9992989835261129,0.9992989835261129,2853.0
4,CS_SHAP_Union,14,per_class,,,,,,,,,mitm,scanning,0.9887610382659887,0.9924791834542036,0.9906166219839142,3723.0
4,CS_SHAP_Union,14,per_class,,,,,,,,,mitm,xss,0.957774798927614,0.9841597796143251,0.9707880434782609,2904.0
4,Mutual_Information_Matched,14,aggregate,0.9871431684462846,0.9662233908921409,0.9873066463108873,0.976114314613544,0.9852825761183357,27.28187976299978,1.0491858460000003,0.028578825615602536,mitm,,,,,
4,Mutual_Information_Matched,14,per_class,,,,,,,,,mitm,backdoor,1.0,0.9991982896846606,0.9995989840930357,3742.0
4,Mutual_Information_Matched,14,per_class,,,,,,,,,mitm,ddos,0.9856205852674067,0.9774831123342507,0.9815349830423313,3997.0
4,Mutual_Information_Matched,14,per_class,,,,,,,,,mitm,dos,0.9893287435456111,0.9795501022494888,0.984415139578695,2934.0
4,Mutual_Information_Matched,14,per_class,,,,,,,,,mitm,injection,0.9831718510963794,0.9656899574254946,0.9743524952621605,3993.0
4,Mutual_Information_Matched,14,per_class,,,,,,,,,mitm,mitm,0.6920152091254753,0.8792270531400966,0.774468085106383,207.0
4,Mutual_Information_Matched,14,per_class,,,,,,,,,mitm,normal,0.9936949797763502,0.9957086661103827,0.994700803810658,8389.0
4,Mutual_Information_Matched,14,per_class,,,,,,,,,mitm,password,0.9959452610238216,0.9899244332493703,0.9929257200606367,3970.0
4,Mutual_Information_Matched,14,per_class,,,,,,,,,mitm,ransomware,0.9992987377279102,0.9989484752891693,0.9991235758106923,2853.0
4,Mutual_Information_Matched,14,per_class,,,,,,,,,mitm,scanning,0.9887550200803212,0.991941982272361,0.9903459372485921,3723.0
4,Mutual_Information_Matched,14,per_class,,,,,,,,,mitm,xss,0.9583892617449664,0.9834710743801653,0.9707681849082257,2904.0
4,Random_Forest_Importance_Matched,14,aggregate,0.987415558945304,0.9661913588826743,0.9875642032032991,0.9750382948021524,0.9855944324608388,27.382344573999944,1.0728605079998488,0.029223700915227958,mitm,,,,,
4,Random_Forest_Importance_Matched,14,per_class,,,,,,,,,mitm,backdoor,1.0,0.9991982896846606,0.9995989840930357,3742.0
4,Random_Forest_Importance_Matched,14,per_class,,,,,,,,,mitm,ddos,0.9858764186633039,0.9779834876157117,0.9819140919366993,3997.0
4,Random_Forest_Importance_Matched,14,per_class,,,,,,,,,mitm,dos,0.9893434169817806,0.9809134287661895,0.9851103884990587,2934.0
4,Random_Forest_Importance_Matched,14,per_class,,,,,,,,,mitm,injection,0.9849374521317334,0.966190833959429,0.9754740834386852,3993.0
4,Random_Forest_Importance_Matched,14,per_class,,,,,,,,,mitm,mitm,0.6964980544747081,0.8647342995169082,0.771551724137931,207.0
4,Random_Forest_Importance_Matched,14,per_class,,,,,,,,,mitm,normal,0.9940504521656354,0.9958278698295386,0.9949383671767998,8389.0
4,Random_Forest_Importance_Matched,14,per_class,,,,,,,,,mitm,password,0.9951874366767984,0.9896725440806046,0.992422328870927,3970.0
4,Random_Forest_Importance_Matched,14,per_class,,,,,,,,,mitm,ransomware,0.9996493688639552,0.9992989835261129,0.9994741454864154,2853.0
4,Random_Forest_Importance_Matched,14,per_class,,,,,,,,,mitm,scanning,0.9882352941176471,0.9927477840451249,0.990486399571218,3723.0
4,Random_Forest_Importance_Matched,14,per_class,,,,,,,,,mitm,xss,0.9584032203958404,0.9838154269972452,0.9709430756159728,2904.0
5,Full_Controlled,34,aggregate,0.9886140771409894,0.9667933213509622,0.9886858304301522,0.9709570487550927,0.9869630064478643,50.47867637999934,1.3437835060003636,0.03660338597734702,mitm,,,,,
5,Full_Controlled,34,per_class,,,,,,,,,mitm,backdoor,1.0,0.9997327632282202,0.9998663637578511,3742.0
5,Full_Controlled,34,per_class,,,,,,,,,mitm,ddos,0.9901812688821753,0.983987990993245,0.987074915296775,3997.0
5,Full_Controlled,34,per_class,,,,,,,,,mitm,dos,0.9828649760109665,0.9775051124744376,0.9801777170198223,2934.0
5,Full_Controlled,34,per_class,,,,,,,,,mitm,injection,0.9832572298325722,0.9709418837675351,0.9770607511973783,3992.0
5,Full_Controlled,34,per_class,,,,,,,,,mitm,mitm,0.7316017316017316,0.8125,0.7699316628701595,208.0
5,Full_Controlled,34,per_class,,,,,,,,,mitm,normal,0.9966646813579512,0.9973775181785671,0.9970209723546235,8389.0
5,Full_Controlled,34,per_class,,,,,,,,,mitm,password,0.9956994687579054,0.9914357682619648,0.993563044301401,3970.0
5,Full_Controlled,34,per_class,,,,,,,,,mitm,ransomware,0.9996493688639552,0.9992989835261129,0.9994741454864154,2853.0
5,Full_Controlled,34,per_class,,,,,,,,,mitm,scanning,0.9876972452527414,0.991941982272361,0.9898150629857947,3723.0
5,Full_Controlled,34,per_class,,,,,,,,,mitm,xss,0.9632873021219266,0.9848484848484849,0.9739485782394006,2904.0
5,Natural_Global_Stable,15,aggregate,0.9888047504903029,0.9675550124005312,0.9888516745492616,0.9702782984986176,0.9871809387829836,41.096642583000175,1.0803206949995001,0.02942690932118926,mitm,,,,,
5,Natural_Global_Stable,15,per_class,,,,,,,,,mitm,backdoor,1.0,0.9997327632282202,0.9998663637578511,3742.0
5,Natural_Global_Stable,15,per_class,,,,,,,,,mitm,ddos,0.9924261550113608,0.9834876157117839,0.9879366675043981,3997.0
5,Natural_Global_Stable,15,per_class,,,,,,,,,mitm,dos,0.9829059829059829,0.979890933878664,0.9813961426864652,2934.0
5,Natural_Global_Stable,15,per_class,,,,,,,,,mitm,injection,0.9840101522842639,0.9711923847695391,0.9775592536560767,3992.0
5,Natural_Global_Stable,15,per_class,,,,,,,,,mitm,mitm,0.7488789237668162,0.8028846153846154,0.7749419953596288,208.0
5,Natural_Global_Stable,15,per_class,,,,,,,,,mitm,normal,0.9947699988113634,0.9976159256168793,0.996190929651232,8389.0
5,Natural_Global_Stable,15,per_class,,,,,,,,,mitm,password,0.9969589457678661,0.9909319899244332,0.9939363314805457,3970.0
5,Natural_Global_Stable,15,per_class,,,,,,,,,mitm,ransomware,0.9996493688639552,0.9992989835261129,0.9994741454864154,2853.0
5,Natural_Global_Stable,15,per_class,,,,,,,,,mitm,scanning,0.9877005347593583,0.9922105828632823,0.9899504220822726,3723.0
5,Natural_Global_Stable,15,per_class,,,,,,,,,mitm,xss,0.9633120161561763,0.9855371900826446,0.9742978723404255,2904.0
5,Stable_Balanced_Core,14,aggregate,0.988287208542166,0.9677067102779239,0.9883379297141646,0.9707938663571838,0.9865883176619341,27.592619560999992,1.0508480560001772,0.028624102636744857,mitm,,,,,
5,Stable_Balanced_Core,14,per_class,,,,,,,,,mitm,backdoor,1.0,0.9997327632282202,0.9998663637578511,3742.0
5,Stable_Balanced_Core,14,per_class,,,,,,,,,mitm,ddos,0.9896438494569336,0.9802351763822867,0.9849170437405732,3997.0
5,Stable_Balanced_Core,14,per_class,,,,,,,,,mitm,dos,0.983567271482369,0.9792092706203136,0.9813834329632792,2934.0
5,Stable_Balanced_Core,14,per_class,,,,,,,,,mitm,injection,0.983760466886577,0.9711923847695391,0.9774360267238119,3992.0
5,Stable_Balanced_Core,14,per_class,,,,,,,,,mitm,mitm,0.7511111111111111,0.8125,0.7806004618937644,208.0
5,Stable_Balanced_Core,14,per_class,,,,,,,,,mitm,normal,0.9939372325249644,0.996662295863631,0.9952978989345872,8389.0
5,Stable_Balanced_Core,14,per_class,,,,,,,,,mitm,password,0.9964556962025316,0.9914357682619648,0.9939393939393939,3970.0
5,Stable_Balanced_Core,14,per_class,,,,,,,,,mitm,ransomware,1.0,0.9992989835261129,0.9996493688639552,2853.0
5,Stable_Balanced_Core,14,per_class,,,,,,,,,mitm,scanning,0.988232147633057,0.9924791834542036,0.9903511123023319,3723.0
5,Stable_Balanced_Core,14,per_class,,,,,,,,,mitm,xss,0.9623276152034982,0.9851928374655647,0.9736259996596903,2904.0
5,Stable_Minority_Only,13,aggregate,0.988314447592068,0.966885168116916,0.9883649229364152,0.9698500535034688,0.9866189703378234,26.584453674000542,1.0559254959998725,0.028762407278270664,mitm,,,,,
5,Stable_Minority_Only,13,per_class,,,,,,,,,mitm,backdoor,1.0,0.9997327632282202,0.9998663637578511,3742.0
5,Stable_Minority_Only,13,per_class,,,,,,,,,mitm,ddos,0.9896412329459323,0.9799849887415562,0.9847894406033941,3997.0
5,Stable_Minority_Only,13,per_class,,,,,,,,,mitm,dos,0.9852638793694312,0.979890933878664,0.98257006151743,2934.0
5,Stable_Minority_Only,13,per_class,,,,,,,,,mitm,injection,0.9835109081684424,0.9711923847695391,0.97731283085455,3992.0
5,Stable_Minority_Only,13,per_class,,,,,,,,,mitm,mitm,0.7422222222222222,0.8028846153846154,0.7713625866050808,208.0
5,Stable_Minority_Only,13,per_class,,,,,,,,,mitm,normal,0.9935859365720394,0.9971391107402551,0.9953593526891956,8389.0
5,Stable_Minority_Only,13,per_class,,,,,,,,,mitm,password,0.9964539007092199,0.9909319899244332,0.9936852740591058,3970.0
5,Stable_Minority_Only,13,per_class,,,,,,,,,mitm,ransomware,1.0,0.9992989835261129,0.9996493688639552,2853.0
5,Stable_Minority_Only,13,per_class,,,,,,,,,mitm,scanning,0.9877136752136753,0.9932849852269675,0.9904914959153609,3723.0
5,Stable_Minority_Only,13,per_class,,,,,,,,,mitm,xss,0.9635873229939312,0.9841597796143251,0.9737649063032368,2904.0
5,CS_SHAP_Union,14,aggregate,0.988287208542166,0.9677067102779239,0.9883379297141646,0.9707938663571838,0.9865883176619341,27.316370780999932,1.106688605999807,0.030145146164736514,mitm,,,,,
5,CS_SHAP_Union,14,per_class,,,,,,,,,mitm,backdoor,1.0,0.9997327632282202,0.9998663637578511,3742.0
5,CS_SHAP_Union,14,per_class,,,,,,,,,mitm,ddos,0.9896438494569336,0.9802351763822867,0.9849170437405732,3997.0
5,CS_SHAP_Union,14,per_class,,,,,,,,,mitm,dos,0.983567271482369,0.9792092706203136,0.9813834329632792,2934.0
5,CS_SHAP_Union,14,per_class,,,,,,,,,mitm,injection,0.983760466886577,0.9711923847695391,0.9774360267238119,3992.0
5,CS_SHAP_Union,14,per_class,,,,,,,,,mitm,mitm,0.7511111111111111,0.8125,0.7806004618937644,208.0
5,CS_SHAP_Union,14,per_class,,,,,,,,,mitm,normal,0.9939372325249644,0.996662295863631,0.9952978989345872,8389.0
5,CS_SHAP_Union,14,per_class,,,,,,,,,mitm,password,0.9964556962025316,0.9914357682619648,0.9939393939393939,3970.0
5,CS_SHAP_Union,14,per_class,,,,,,,,,mitm,ransomware,1.0,0.9992989835261129,0.9996493688639552,2853.0
5,CS_SHAP_Union,14,per_class,,,,,,,,,mitm,scanning,0.988232147633057,0.9924791834542036,0.9903511123023319,3723.0
5,CS_SHAP_Union,14,per_class,,,,,,,,,mitm,xss,0.9623276152034982,0.9851928374655647,0.9736259996596903,2904.0
5,Mutual_Information_Matched,14,aggregate,0.9883689256918718,0.9681489731423639,0.9884114354535024,0.970849767718442,0.9866818020406583,27.116493627000636,1.0535265879998406,0.02869706330354763,mitm,,,,,
5,Mutual_Information_Matched,14,per_class,,,,,,,,,mitm,backdoor,1.0,0.9997327632282202,0.9998663637578511,3742.0
5,Mutual_Information_Matched,14,per_class,,,,,,,,,mitm,ddos,0.9903846153846154,0.9792344258193645,0.98477795949176,3997.0
5,Mutual_Information_Matched,14,per_class,,,,,,,,,mitm,dos,0.9845890410958904,0.979890933878664,0.9822343696617697,2934.0
5,Mutual_Information_Matched,14,per_class,,,,,,,,,mitm,injection,0.983760466886577,0.9711923847695391,0.9774360267238119,3992.0
5,Mutual_Information_Matched,14,per_class,,,,,,,,,mitm,mitm,0.757847533632287,0.8125,0.7842227378190255,208.0
5,Mutual_Information_Matched,14,per_class,,,,,,,,,mitm,normal,0.9934671576196697,0.9970199070210991,0.9952403617325083,8389.0
5,Mutual_Information_Matched,14,per_class,,,,,,,,,mitm,password,0.9967088607594937,0.9916876574307305,0.9941919191919192,3970.0
5,Mutual_Information_Matched,14,per_class,,,,,,,,,mitm,ransomware,0.9996493688639552,0.9992989835261129,0.9994741454864154,2853.0
5,Mutual_Information_Matched,14,per_class,,,,,,,,,mitm,scanning,0.9874432273577345,0.9927477840451249,0.990088400750067,3723.0
5,Mutual_Information_Matched,14,per_class,,,,,,,,,mitm,xss,0.9629754291484349,0.9851928374655647,0.9739574468085106,2904.0
5,Random_Forest_Importance_Matched,14,aggregate,0.9881782523425583,0.9681678808717651,0.9882182642742958,0.9707228062495001,0.9864635612847619,37.28559575899999,1.0807849160000842,0.0294395542601897,mitm,,,,,
5,Random_Forest_Importance_Matched,14,per_class,,,,,,,,,mitm,backdoor,1.0,0.9997327632282202,0.9998663637578511,3742.0
5,Random_Forest_Importance_Matched,14,per_class,,,,,,,,,mitm,ddos,0.9896307536671725,0.978984238178634,0.9842787070808703,3997.0
5,Random_Forest_Importance_Matched,14,per_class,,,,,,,,,mitm,dos,0.9849263446385749,0.979890933878664,0.9824021869126943,2934.0
5,Random_Forest_Importance_Matched,14,per_class,,,,,,,,,mitm,injection,0.9835067241816797,0.9709418837675351,0.9771839152905585,3992.0
5,Random_Forest_Importance_Matched,14,per_class,,,,,,,,,mitm,mitm,0.7612612612612613,0.8125,0.786046511627907,208.0
5,Random_Forest_Importance_Matched,14,per_class,,,,,,,,,mitm,normal,0.9934648288973384,0.996662295863631,0.9950609937518595,8389.0
5,Random_Forest_Importance_Matched,14,per_class,,,,,,,,,mitm,password,0.9959493670886076,0.9909319899244332,0.9934343434343434,3970.0
5,Random_Forest_Importance_Matched,14,per_class,,,,,,,,,mitm,ransomware,1.0,0.9992989835261129,0.9996493688639552,2853.0
5,Random_Forest_Importance_Matched,14,per_class,,,,,,,,,mitm,scanning,0.9871794871794872,0.9927477840451249,0.9899558055443953,3723.0
5,Random_Forest_Importance_Matched,14,per_class,,,,,,,,,mitm,xss,0.9623402824478816,0.9855371900826446,0.9738006124532154,2904.0
