outer_fold,selector,rank,feature,importance
1,Mutual_Information_Matched,1,src_ip_bytes,1.7922077344863776
1,Mutual_Information_Matched,2,dst_port,1.3235826760765765
1,Mutual_Information_Matched,3,dst_ip_bytes,1.2471223702410057
1,Mutual_Information_Matched,4,src_port,1.0689461223807863
1,Mutual_Information_Matched,5,conn_state,1.0563579547625168
1,Mutual_Information_Matched,6,duration,0.9736767106698219
1,Mutual_Information_Matched,7,src_bytes,0.8063141457999947
1,Mutual_Information_Matched,8,dst_bytes,0.7486307953039497
1,Mutual_Information_Matched,9,src_pkts,0.6754138308060158
1,Mutual_Information_Matched,10,dst_pkts,0.6678928985542267
1,Mutual_Information_Matched,11,service,0.5080850290859522
1,Mutual_Information_Matched,12,proto,0.246936822872462
1,Mutual_Information_Matched,13,dns_rejected,0.23868319681561223
1,Mutual_Information_Matched,14,dns_RA,0.21009781303764008
1,Mutual_Information_Matched,15,dns_qtype,0.19264193608519564
1,Mutual_Information_Matched,16,dns_RD,0.18590017452445906
1,Mutual_Information_Matched,17,dns_AA,0.17485029080019077
1,Mutual_Information_Matched,18,dns_qclass,0.17149339932924557
1,Mutual_Information_Matched,19,dns_rcode,0.05401789015636638
1,Mutual_Information_Matched,20,missed_bytes,0.023644559681191613
1,Mutual_Information_Matched,21,ssl_resumed,0.008125655523117725
1,Mutual_Information_Matched,22,ssl_cipher,0.00784485596984208
1,Mutual_Information_Matched,23,ssl_established,0.007742832976072922
1,Mutual_Information_Matched,24,http_version,0.00736301001325268
1,Mutual_Information_Matched,25,ssl_version,0.006632730397114095
1,Mutual_Information_Matched,26,weird_name,0.005590248615158888
1,Mutual_Information_Matched,27,weird_notice,0.005567584841046802
1,Mutual_Information_Matched,28,http_response_body_len,0.005345218908996863
1,Mutual_Information_Matched,29,http_method,0.00515139379172691
1,Mutual_Information_Matched,30,http_trans_depth,0.004246924520445283
1,Mutual_Information_Matched,31,http_orig_mime_types,0.0034456789774388596
1,Mutual_Information_Matched,32,http_status_code,0.002289911701888414
1,Mutual_Information_Matched,33,http_request_body_len,0.001145036695715529
1,Mutual_Information_Matched,34,http_resp_mime_types,0.0007819423902177824
1,Random_Forest_Importance_Matched,1,src_ip_bytes,0.16467107236824044
1,Random_Forest_Importance_Matched,2,dst_port,0.11218275163799
1,Random_Forest_Importance_Matched,3,src_port,0.10784566242669176
1,Random_Forest_Importance_Matched,4,duration,0.10223024697701232
1,Random_Forest_Importance_Matched,5,conn_state,0.09536792164882445
1,Random_Forest_Importance_Matched,6,dst_ip_bytes,0.07862591321237014
1,Random_Forest_Importance_Matched,7,src_bytes,0.07069034869471473
1,Random_Forest_Importance_Matched,8,src_pkts,0.0621320123508071
1,Random_Forest_Importance_Matched,9,dst_pkts,0.05033061265073666
1,Random_Forest_Importance_Matched,10,dst_bytes,0.04330165475300388
1,Random_Forest_Importance_Matched,11,service,0.029272960663618258
1,Random_Forest_Importance_Matched,12,dns_rejected,0.019068583225918985
1,Random_Forest_Importance_Matched,13,proto,0.01652293870871787
1,Random_Forest_Importance_Matched,14,dns_RA,0.013050219805578918
1,Random_Forest_Importance_Matched,15,dns_AA,0.008196966660791108
1,Random_Forest_Importance_Matched,16,dns_qtype,0.006806718403480844
1,Random_Forest_Importance_Matched,17,dns_RD,0.006628138192422305
1,Random_Forest_Importance_Matched,18,dns_qclass,0.005018957763412484
1,Random_Forest_Importance_Matched,19,dns_rcode,0.0042482697900409925
1,Random_Forest_Importance_Matched,20,missed_bytes,0.0017997483646891212
1,Random_Forest_Importance_Matched,21,ssl_cipher,0.0003117235913662446
1,Random_Forest_Importance_Matched,22,ssl_established,0.00030047968504238684
1,Random_Forest_Importance_Matched,23,ssl_version,0.00028597019328747226
1,Random_Forest_Importance_Matched,24,ssl_resumed,0.00025320231794850634
1,Random_Forest_Importance_Matched,25,http_trans_depth,0.00013172750161208457
1,Random_Forest_Importance_Matched,26,weird_name,0.0001186584596197678
1,Random_Forest_Importance_Matched,27,weird_notice,0.00011544385769093853
1,Random_Forest_Importance_Matched,28,http_status_code,0.00011334687905155821
1,Random_Forest_Importance_Matched,29,http_method,0.00010707536137733481
1,Random_Forest_Importance_Matched,30,http_version,0.00010433523606232935
1,Random_Forest_Importance_Matched,31,http_response_body_len,0.00010308489514745722
1,Random_Forest_Importance_Matched,32,http_resp_mime_types,5.207621188447241e-05
1,Random_Forest_Importance_Matched,33,http_request_body_len,5.9631665039441996e-06
1,Random_Forest_Importance_Matched,34,http_orig_mime_types,5.214344343276413e-06
2,Mutual_Information_Matched,1,src_ip_bytes,1.789814383845351
2,Mutual_Information_Matched,2,dst_port,1.323330753112794
2,Mutual_Information_Matched,3,dst_ip_bytes,1.248829492917117
2,Mutual_Information_Matched,4,src_port,1.062004838176494
2,Mutual_Information_Matched,5,conn_state,1.0569173145578743
2,Mutual_Information_Matched,6,duration,0.9742099255764325
2,Mutual_Information_Matched,7,src_bytes,0.8060036534407637
2,Mutual_Information_Matched,8,dst_bytes,0.750049658039484
2,Mutual_Information_Matched,9,src_pkts,0.6759417649098558
2,Mutual_Information_Matched,10,dst_pkts,0.666342945915507
2,Mutual_Information_Matched,11,service,0.5102605565092233
2,Mutual_Information_Matched,12,proto,0.24792401328613778
2,Mutual_Information_Matched,13,dns_rejected,0.2384285508226105
2,Mutual_Information_Matched,14,dns_RA,0.210507024739647
2,Mutual_Information_Matched,15,dns_qtype,0.19173315855858775
2,Mutual_Information_Matched,16,dns_RD,0.18743027014138303
2,Mutual_Information_Matched,17,dns_AA,0.17420376744607768
2,Mutual_Information_Matched,18,dns_qclass,0.17282633271260206
2,Mutual_Information_Matched,19,dns_rcode,0.054827153298115494
2,Mutual_Information_Matched,20,missed_bytes,0.024972400878544576
2,Mutual_Information_Matched,21,ssl_cipher,0.007942032499512308
2,Mutual_Information_Matched,22,ssl_established,0.0075950755896863065
2,Mutual_Information_Matched,23,ssl_resumed,0.007559626276322895
2,Mutual_Information_Matched,24,http_version,0.007547245303712202
2,Mutual_Information_Matched,25,ssl_version,0.006469772406914931
2,Mutual_Information_Matched,26,weird_name,0.006084632562002312
2,Mutual_Information_Matched,27,http_response_body_len,0.00561098942871574
2,Mutual_Information_Matched,28,weird_notice,0.005600573121494978
2,Mutual_Information_Matched,29,http_method,0.005523523157988652
2,Mutual_Information_Matched,30,http_trans_depth,0.004341513978417755
2,Mutual_Information_Matched,31,http_orig_mime_types,0.003461530519283773
2,Mutual_Information_Matched,32,http_status_code,0.0023692045588004085
2,Mutual_Information_Matched,33,http_request_body_len,0.0010707067224733358
2,Mutual_Information_Matched,34,http_resp_mime_types,0.0009474816465160352
2,Random_Forest_Importance_Matched,1,src_ip_bytes,0.15641673785087631
2,Random_Forest_Importance_Matched,2,dst_port,0.1141979353679477
2,Random_Forest_Importance_Matched,3,src_port,0.10955369247707762
2,Random_Forest_Importance_Matched,4,duration,0.10295623107893398
2,Random_Forest_Importance_Matched,5,conn_state,0.0976713971512491
2,Random_Forest_Importance_Matched,6,dst_ip_bytes,0.07842396527230473
2,Random_Forest_Importance_Matched,7,src_bytes,0.0698122836140246
2,Random_Forest_Importance_Matched,8,src_pkts,0.06504575926995672
2,Random_Forest_Importance_Matched,9,dst_pkts,0.04867469188013014
2,Random_Forest_Importance_Matched,10,dst_bytes,0.04576823219371446
2,Random_Forest_Importance_Matched,11,service,0.02772608270610429
2,Random_Forest_Importance_Matched,12,proto,0.018044266207873815
2,Random_Forest_Importance_Matched,13,dns_rejected,0.017762027070417886
2,Random_Forest_Importance_Matched,14,dns_RA,0.013287503205557792
2,Random_Forest_Importance_Matched,15,dns_RD,0.008557963725515908
2,Random_Forest_Importance_Matched,16,dns_AA,0.007442653589422701
2,Random_Forest_Importance_Matched,17,dns_qtype,0.006445630000399209
2,Random_Forest_Importance_Matched,18,dns_rcode,0.004354624878786738
2,Random_Forest_Importance_Matched,19,dns_qclass,0.004264574961891105
2,Random_Forest_Importance_Matched,20,missed_bytes,0.0015218528484869326
2,Random_Forest_Importance_Matched,21,ssl_version,0.00031845077522724553
2,Random_Forest_Importance_Matched,22,ssl_cipher,0.00029896860693891665
2,Random_Forest_Importance_Matched,23,ssl_established,0.0002715634229162693
2,Random_Forest_Importance_Matched,24,ssl_resumed,0.00025069511231901606
2,Random_Forest_Importance_Matched,25,weird_name,0.00014105915373183476
2,Random_Forest_Importance_Matched,26,weird_notice,0.00013519869705828734
2,Random_Forest_Importance_Matched,27,http_trans_depth,0.00013489036719802256
2,Random_Forest_Importance_Matched,28,http_method,0.0001218745407156948
2,Random_Forest_Importance_Matched,29,http_status_code,0.00011899798020025392
2,Random_Forest_Importance_Matched,30,http_version,0.00011594640107171381
2,Random_Forest_Importance_Matched,31,http_response_body_len,9.947499329072703e-05
2,Random_Forest_Importance_Matched,32,http_resp_mime_types,5.792161114659851e-05
2,Random_Forest_Importance_Matched,33,http_request_body_len,3.948669114574619e-06
2,Random_Forest_Importance_Matched,34,http_orig_mime_types,2.9043183991501453e-06
3,Mutual_Information_Matched,1,src_ip_bytes,1.7938892225041259
3,Mutual_Information_Matched,2,dst_port,1.3226234262738858
3,Mutual_Information_Matched,3,dst_ip_bytes,1.2454027009285213
3,Mutual_Information_Matched,4,src_port,1.0670652225050041
3,Mutual_Information_Matched,5,conn_state,1.059522424882898
3,Mutual_Information_Matched,6,duration,0.9711414635018034
3,Mutual_Information_Matched,7,src_bytes,0.8057221484923152
3,Mutual_Information_Matched,8,dst_bytes,0.748658622999224
3,Mutual_Information_Matched,9,src_pkts,0.6745038625644684
3,Mutual_Information_Matched,10,dst_pkts,0.6680185499656237
3,Mutual_Information_Matched,11,service,0.5094615820124013
3,Mutual_Information_Matched,12,proto,0.24532306983828223
3,Mutual_Information_Matched,13,dns_rejected,0.23763129447921605
3,Mutual_Information_Matched,14,dns_RA,0.2115420176430578
3,Mutual_Information_Matched,15,dns_qtype,0.1903826984505712
3,Mutual_Information_Matched,16,dns_RD,0.1876505444312193
3,Mutual_Information_Matched,17,dns_AA,0.1746597204193603
3,Mutual_Information_Matched,18,dns_qclass,0.1727314837487408
3,Mutual_Information_Matched,19,dns_rcode,0.05251574963738159
3,Mutual_Information_Matched,20,missed_bytes,0.024570168400792625
3,Mutual_Information_Matched,21,ssl_resumed,0.00806347110788952
3,Mutual_Information_Matched,22,ssl_cipher,0.00790091606197807
3,Mutual_Information_Matched,23,ssl_established,0.00781639213422336
3,Mutual_Information_Matched,24,http_version,0.007451758511471507
3,Mutual_Information_Matched,25,weird_name,0.0058807570445247315
3,Mutual_Information_Matched,26,weird_notice,0.0056425026932918065
3,Mutual_Information_Matched,27,ssl_version,0.005626139626849547
3,Mutual_Information_Matched,28,http_response_body_len,0.0054748729305655885
3,Mutual_Information_Matched,29,http_method,0.005259212074844033
3,Mutual_Information_Matched,30,http_trans_depth,0.0046844553464544525
3,Mutual_Information_Matched,31,http_orig_mime_types,0.003521415676967621
3,Mutual_Information_Matched,32,http_status_code,0.0024523819909023636
3,Mutual_Information_Matched,33,http_request_body_len,0.0011636512857915449
3,Mutual_Information_Matched,34,http_resp_mime_types,0.0008911331153451663
3,Random_Forest_Importance_Matched,1,src_ip_bytes,0.16353398303061797
3,Random_Forest_Importance_Matched,2,dst_port,0.11675186475227185
3,Random_Forest_Importance_Matched,3,src_port,0.10568176072341412
3,Random_Forest_Importance_Matched,4,duration,0.1004728295654502
3,Random_Forest_Importance_Matched,5,conn_state,0.09448041530418055
3,Random_Forest_Importance_Matched,6,dst_ip_bytes,0.08050073795257157
3,Random_Forest_Importance_Matched,7,src_bytes,0.06724964336943863
3,Random_Forest_Importance_Matched,8,src_pkts,0.05901005363241238
3,Random_Forest_Importance_Matched,9,dst_pkts,0.05468288417713751
3,Random_Forest_Importance_Matched,10,dst_bytes,0.04530377632006682
3,Random_Forest_Importance_Matched,11,service,0.027254548928860072
3,Random_Forest_Importance_Matched,12,dns_rejected,0.017767888073066257
3,Random_Forest_Importance_Matched,13,proto,0.016690334691221116
3,Random_Forest_Importance_Matched,14,dns_RA,0.015544280152125754
3,Random_Forest_Importance_Matched,15,dns_AA,0.008205554285120225
3,Random_Forest_Importance_Matched,16,dns_RD,0.006854288928150603
3,Random_Forest_Importance_Matched,17,dns_qtype,0.006595236639092699
3,Random_Forest_Importance_Matched,18,dns_qclass,0.005257986484087631
3,Random_Forest_Importance_Matched,19,dns_rcode,0.004448632087812422
3,Random_Forest_Importance_Matched,20,missed_bytes,0.0015997726446700812
3,Random_Forest_Importance_Matched,21,ssl_established,0.00033182217496263987
3,Random_Forest_Importance_Matched,22,ssl_resumed,0.0003172831525663042
3,Random_Forest_Importance_Matched,23,ssl_version,0.00028614364141000105
3,Random_Forest_Importance_Matched,24,ssl_cipher,0.00026707076362928096
3,Random_Forest_Importance_Matched,25,weird_name,0.00013381652034770355
3,Random_Forest_Importance_Matched,26,http_trans_depth,0.00012911282901315168
3,Random_Forest_Importance_Matched,27,http_version,0.00012699363150640982
3,Random_Forest_Importance_Matched,28,weird_notice,0.00012279933792899397
3,Random_Forest_Importance_Matched,29,http_status_code,0.00011885724513066858
3,Random_Forest_Importance_Matched,30,http_method,0.0001135107136398615
3,Random_Forest_Importance_Matched,31,http_response_body_len,9.960578391953154e-05
3,Random_Forest_Importance_Matched,32,http_resp_mime_types,5.4628879127786464e-05
3,Random_Forest_Importance_Matched,33,http_orig_mime_types,6.2682787078195515e-06
3,Random_Forest_Importance_Matched,34,http_request_body_len,5.615306341479271e-06
4,Mutual_Information_Matched,1,src_ip_bytes,1.7928332162213172
4,Mutual_Information_Matched,2,dst_port,1.3202695786839804
4,Mutual_Information_Matched,3,dst_ip_bytes,1.250379446028766
4,Mutual_Information_Matched,4,src_port,1.0628260832657745
4,Mutual_Information_Matched,5,conn_state,1.0587047418773219
4,Mutual_Information_Matched,6,duration,0.9749052959159425
4,Mutual_Information_Matched,7,src_bytes,0.806137831802062
4,Mutual_Information_Matched,8,dst_bytes,0.751975550995228
4,Mutual_Information_Matched,9,src_pkts,0.6730564817897298
4,Mutual_Information_Matched,10,dst_pkts,0.6687247356193757
4,Mutual_Information_Matched,11,service,0.5116508938258653
4,Mutual_Information_Matched,12,proto,0.24634347464296047
4,Mutual_Information_Matched,13,dns_rejected,0.23666256967675103
4,Mutual_Information_Matched,14,dns_RA,0.21204515081401487
4,Mutual_Information_Matched,15,dns_qtype,0.19157165600318438
4,Mutual_Information_Matched,16,dns_RD,0.1865374957352448
4,Mutual_Information_Matched,17,dns_AA,0.17613192426491064
4,Mutual_Information_Matched,18,dns_qclass,0.171668874750039
4,Mutual_Information_Matched,19,dns_rcode,0.05320881139802536
4,Mutual_Information_Matched,20,missed_bytes,0.02424823006055421
4,Mutual_Information_Matched,21,ssl_resumed,0.00808196080394108
4,Mutual_Information_Matched,22,ssl_cipher,0.007999764522631292
4,Mutual_Information_Matched,23,ssl_established,0.00782801548972234
4,Mutual_Information_Matched,24,http_version,0.007350444564835357
4,Mutual_Information_Matched,25,ssl_version,0.007026312856272199
4,Mutual_Information_Matched,26,weird_notice,0.005497525681819493
4,Mutual_Information_Matched,27,http_response_body_len,0.005487634323690482
4,Mutual_Information_Matched,28,weird_name,0.0052801041423857775
4,Mutual_Information_Matched,29,http_method,0.005176502212760337
4,Mutual_Information_Matched,30,http_trans_depth,0.004186023432425134
4,Mutual_Information_Matched,31,http_orig_mime_types,0.0034490594402742936
4,Mutual_Information_Matched,32,http_status_code,0.0022089346501137364
4,Mutual_Information_Matched,33,http_request_body_len,0.0010643960567278121
4,Mutual_Information_Matched,34,http_resp_mime_types,0.0007650003154417995
4,Random_Forest_Importance_Matched,1,src_ip_bytes,0.16458777049346315
4,Random_Forest_Importance_Matched,2,dst_port,0.11455765210623733
4,Random_Forest_Importance_Matched,3,src_port,0.1049449722931496
4,Random_Forest_Importance_Matched,4,duration,0.1031207881044998
4,Random_Forest_Importance_Matched,5,conn_state,0.0960295378861179
4,Random_Forest_Importance_Matched,6,dst_ip_bytes,0.07921972464406339
4,Random_Forest_Importance_Matched,7,src_bytes,0.06900807246405968
4,Random_Forest_Importance_Matched,8,src_pkts,0.059429262703858426
4,Random_Forest_Importance_Matched,9,dst_pkts,0.05427903009376115
4,Random_Forest_Importance_Matched,10,dst_bytes,0.04378772372422662
4,Random_Forest_Importance_Matched,11,service,0.027839149684301994
4,Random_Forest_Importance_Matched,12,proto,0.018423456938993492
4,Random_Forest_Importance_Matched,13,dns_rejected,0.01745812207922433
4,Random_Forest_Importance_Matched,14,dns_RA,0.01349963797755704
4,Random_Forest_Importance_Matched,15,dns_AA,0.008175590943484991
4,Random_Forest_Importance_Matched,16,dns_RD,0.007890721887603777
4,Random_Forest_Importance_Matched,17,dns_qtype,0.0054547216816144516
4,Random_Forest_Importance_Matched,18,dns_rcode,0.004972287513439745
4,Random_Forest_Importance_Matched,19,dns_qclass,0.0035113985975845727
4,Random_Forest_Importance_Matched,20,missed_bytes,0.0017453335775886975
4,Random_Forest_Importance_Matched,21,ssl_version,0.00032437987167223447
4,Random_Forest_Importance_Matched,22,ssl_cipher,0.00031704581546944545
4,Random_Forest_Importance_Matched,23,ssl_resumed,0.00028912012764884725
4,Random_Forest_Importance_Matched,24,ssl_established,0.00027798196100239795
4,Random_Forest_Importance_Matched,25,weird_name,0.00012295664824343915
4,Random_Forest_Importance_Matched,26,weird_notice,0.00011759364469548196
4,Random_Forest_Importance_Matched,27,http_status_code,0.00011590261862068634
4,Random_Forest_Importance_Matched,28,http_version,0.00011233232707573522
4,Random_Forest_Importance_Matched,29,http_method,0.00011139815553654158
4,Random_Forest_Importance_Matched,30,http_trans_depth,0.00011110655912294653
4,Random_Forest_Importance_Matched,31,http_response_body_len,9.361822379410716e-05
4,Random_Forest_Importance_Matched,32,http_resp_mime_types,6.613549149792739e-05
4,Random_Forest_Importance_Matched,33,http_orig_mime_types,3.382502916735057e-06
4,Random_Forest_Importance_Matched,34,http_request_body_len,2.090657873304814e-06
5,Mutual_Information_Matched,1,src_ip_bytes,1.7928706734449698
5,Mutual_Information_Matched,2,dst_port,1.3217361164486192
5,Mutual_Information_Matched,3,dst_ip_bytes,1.2469666449382295
5,Mutual_Information_Matched,4,src_port,1.0653464445157348
5,Mutual_Information_Matched,5,conn_state,1.056016399916186
5,Mutual_Information_Matched,6,duration,0.9746189997494228
5,Mutual_Information_Matched,7,src_bytes,0.8043475560831852
5,Mutual_Information_Matched,8,dst_bytes,0.7467077425724882
5,Mutual_Information_Matched,9,src_pkts,0.6733409011287002
5,Mutual_Information_Matched,10,dst_pkts,0.6686035028758663
5,Mutual_Information_Matched,11,service,0.5089062074423851
5,Mutual_Information_Matched,12,proto,0.24761175211306474
5,Mutual_Information_Matched,13,dns_rejected,0.23750563209136155
5,Mutual_Information_Matched,14,dns_RA,0.20972069158699558
5,Mutual_Information_Matched,15,dns_qtype,0.1911385437846107
5,Mutual_Information_Matched,16,dns_RD,0.18855904324583372
5,Mutual_Information_Matched,17,dns_AA,0.17501859373003237
5,Mutual_Information_Matched,18,dns_qclass,0.17221165353884293
5,Mutual_Information_Matched,19,dns_rcode,0.05275958827392335
5,Mutual_Information_Matched,20,missed_bytes,0.025058069799261506
5,Mutual_Information_Matched,21,ssl_cipher,0.00837396054751105
5,Mutual_Information_Matched,22,ssl_resumed,0.008119241152207302
5,Mutual_Information_Matched,23,ssl_established,0.007982962618865663
5,Mutual_Information_Matched,24,http_version,0.007267373817747114
5,Mutual_Information_Matched,25,ssl_version,0.007040899359096908
5,Mutual_Information_Matched,26,weird_name,0.005826358840185453
5,Mutual_Information_Matched,27,http_response_body_len,0.005627783822335974
5,Mutual_Information_Matched,28,weird_notice,0.00545650463679781
5,Mutual_Information_Matched,29,http_method,0.005111670864073048
5,Mutual_Information_Matched,30,http_trans_depth,0.004338804821901299
5,Mutual_Information_Matched,31,http_orig_mime_types,0.0035002633388776516
5,Mutual_Information_Matched,32,http_status_code,0.002285293404238775
5,Mutual_Information_Matched,33,http_request_body_len,0.0011037755280121075
5,Mutual_Information_Matched,34,http_resp_mime_types,0.000689753463705145
5,Random_Forest_Importance_Matched,1,src_ip_bytes,0.1702199334332125
5,Random_Forest_Importance_Matched,2,dst_port,0.11076316031595582
5,Random_Forest_Importance_Matched,3,src_port,0.10577972084580718
5,Random_Forest_Importance_Matched,4,duration,0.09820510345223682
5,Random_Forest_Importance_Matched,5,conn_state,0.09766809857062457
5,Random_Forest_Importance_Matched,6,dst_ip_bytes,0.07700563337385995
5,Random_Forest_Importance_Matched,7,src_bytes,0.06885761819038136
5,Random_Forest_Importance_Matched,8,src_pkts,0.06193906032404048
5,Random_Forest_Importance_Matched,9,dst_pkts,0.05412836793714082
5,Random_Forest_Importance_Matched,10,dst_bytes,0.0432644123362226
5,Random_Forest_Importance_Matched,11,service,0.02869462158501466
5,Random_Forest_Importance_Matched,12,dns_rejected,0.01749958256495914
5,Random_Forest_Importance_Matched,13,proto,0.016625537172592013
5,Random_Forest_Importance_Matched,14,dns_RA,0.01317932619875534
5,Random_Forest_Importance_Matched,15,dns_RD,0.00897762436763874
5,Random_Forest_Importance_Matched,16,dns_AA,0.007683381350357409
5,Random_Forest_Importance_Matched,17,dns_qtype,0.006611425287666684
5,Random_Forest_Importance_Matched,18,dns_qclass,0.00459575925388488
5,Random_Forest_Importance_Matched,19,dns_rcode,0.004369638459465656
5,Random_Forest_Importance_Matched,20,missed_bytes,0.0018454069355906258
5,Random_Forest_Importance_Matched,21,ssl_cipher,0.0003379079112168158
5,Random_Forest_Importance_Matched,22,ssl_established,0.0003332320319368172
5,Random_Forest_Importance_Matched,23,ssl_resumed,0.00028771369626311486
5,Random_Forest_Importance_Matched,24,ssl_version,0.00027593706232176485
5,Random_Forest_Importance_Matched,25,weird_notice,0.00012880397777317613
5,Random_Forest_Importance_Matched,26,http_trans_depth,0.00012383133672460466
5,Random_Forest_Importance_Matched,27,weird_name,0.00011599817628306118
5,Random_Forest_Importance_Matched,28,http_method,0.00011169375930131971
5,Random_Forest_Importance_Matched,29,http_version,0.00011039920556127244
5,Random_Forest_Importance_Matched,30,http_status_code,0.00010759072698668947
5,Random_Forest_Importance_Matched,31,http_response_body_len,9.010637562462123e-05
5,Random_Forest_Importance_Matched,32,http_resp_mime_types,5.455741402024606e-05
5,Random_Forest_Importance_Matched,33,http_orig_mime_types,5.002280622077672e-06
5,Random_Forest_Importance_Matched,34,http_request_body_len,3.814089957281218e-06
