classifier,selector,class_name,class_precision_mean,class_recall_mean,class_f1_mean,total_support
Linear_Logistic_SGD_Scaled,CS_SHAP_Union,Backdoor,0.8268893904066565,0.8897754595400391,0.8464657622754833,8156.0
Linear_Logistic_SGD_Scaled,CS_SHAP_Union,DDoS_HTTP,0.7375497270913038,0.7653065957588433,0.7490571305769759,8449.0
Linear_Logistic_SGD_Scaled,CS_SHAP_Union,DDoS_ICMP,0.9557027334522805,0.987047692498382,0.9710182417065962,11272.0
Linear_Logistic_SGD_Scaled,CS_SHAP_Union,DDoS_TCP,0.7926026822069231,0.7127001889909076,0.7488184820081975,8197.0
Linear_Logistic_SGD_Scaled,CS_SHAP_Union,DDoS_UDP,0.997840857276244,0.954733944476662,0.9758064951380264,11598.0
Linear_Logistic_SGD_Scaled,CS_SHAP_Union,Fingerprinting,0.1599012734680476,0.38899068322981367,0.2158623031132425,801.0
Linear_Logistic_SGD_Scaled,CS_SHAP_Union,MITM,1.0,0.996875,0.9984251968503937,320.0
Linear_Logistic_SGD_Scaled,CS_SHAP_Union,Normal,1.0,1.0,1.0,19441.0
Linear_Logistic_SGD_Scaled,CS_SHAP_Union,Password,0.5733387284243958,0.33848462861253237,0.40124735373421555,7991.0
Linear_Logistic_SGD_Scaled,CS_SHAP_Union,Port_Scanning,0.7596354711020952,0.946123656684118,0.8397038749096086,8057.0
Linear_Logistic_SGD_Scaled,CS_SHAP_Union,Ransomware,0.7682494333132286,0.5177345537757436,0.6028771628243075,8740.0
Linear_Logistic_SGD_Scaled,CS_SHAP_Union,SQL_injection,0.5430510684968348,0.7868642519800797,0.6404698050056647,8249.0
Linear_Logistic_SGD_Scaled,CS_SHAP_Union,Uploading,0.636975291853621,0.590626902008521,0.6079436338042583,8215.0
Linear_Logistic_SGD_Scaled,CS_SHAP_Union,Vulnerability_scanner,0.8506600558104782,0.854236053529096,0.8524392923131948,8061.0
Linear_Logistic_SGD_Scaled,CS_SHAP_Union,XSS,0.6786086826698542,0.6423449100055967,0.6578208958387395,8041.0
Linear_Logistic_SGD_Scaled,Class_Balanced_15,Backdoor,0.8183617445909548,0.9012978474651663,0.8491346944852733,8156.0
Linear_Logistic_SGD_Scaled,Class_Balanced_15,DDoS_HTTP,0.7166506892858352,0.7288568916168315,0.7155844571515088,8449.0
Linear_Logistic_SGD_Scaled,Class_Balanced_15,DDoS_ICMP,0.9598006177577061,0.9835868630687598,0.9714072026273278,11272.0
Linear_Logistic_SGD_Scaled,Class_Balanced_15,DDoS_TCP,0.8253567506745467,0.7684510930222176,0.7944326603964803,8197.0
Linear_Logistic_SGD_Scaled,Class_Balanced_15,DDoS_UDP,0.9969506269481305,0.9471430164607216,0.9711829860691987,11598.0
Linear_Logistic_SGD_Scaled,Class_Balanced_15,Fingerprinting,0.25817161614831424,0.4330590062111801,0.3127361963335262,801.0
Linear_Logistic_SGD_Scaled,Class_Balanced_15,MITM,1.0,1.0,1.0,320.0
Linear_Logistic_SGD_Scaled,Class_Balanced_15,Normal,1.0,1.0,1.0,19441.0
Linear_Logistic_SGD_Scaled,Class_Balanced_15,Password,0.6125089945115155,0.3759057013887747,0.4412808033218377,7991.0
Linear_Logistic_SGD_Scaled,Class_Balanced_15,Port_Scanning,0.7378445941503431,0.9646208680088659,0.8330345508512357,8057.0
Linear_Logistic_SGD_Scaled,Class_Balanced_15,Ransomware,0.8628234217145516,0.5295194508009153,0.6350076189518272,8740.0
Linear_Logistic_SGD_Scaled,Class_Balanced_15,SQL_injection,0.5461346872227424,0.8126822867853795,0.6510726237849951,8249.0
Linear_Logistic_SGD_Scaled,Class_Balanced_15,Uploading,0.6853922273369839,0.5805234327449786,0.6262803043167869,8215.0
Linear_Logistic_SGD_Scaled,Class_Balanced_15,Vulnerability_scanner,0.8504680030959506,0.8543600460895423,0.852404115338526,8061.0
Linear_Logistic_SGD_Scaled,Class_Balanced_15,XSS,0.6619030825742448,0.6269226428454372,0.6367034765450317,8041.0
Linear_Logistic_SGD_Scaled,Full_42,Backdoor,0.9793186671834233,0.8986026706820066,0.9372109127714545,8156.0
Linear_Logistic_SGD_Scaled,Full_42,DDoS_HTTP,0.7948633282434611,0.7857786372665455,0.7899116566229283,8449.0
Linear_Logistic_SGD_Scaled,Full_42,DDoS_ICMP,0.9965656887744597,0.9779992012229553,0.9871904925429626,11272.0
Linear_Logistic_SGD_Scaled,Full_42,DDoS_TCP,0.8145509876809187,0.7972440810131103,0.8055956899810128,8197.0
Linear_Logistic_SGD_Scaled,Full_42,DDoS_UDP,1.0,0.9871530906603618,0.9935304284980659,11598.0
Linear_Logistic_SGD_Scaled,Full_42,Fingerprinting,0.2421230844245391,0.6616614906832299,0.3513208687254269,801.0
Linear_Logistic_SGD_Scaled,Full_42,MITM,1.0,0.996875,0.9984251968503937,320.0
Linear_Logistic_SGD_Scaled,Full_42,Normal,1.0,1.0,1.0,19441.0
Linear_Logistic_SGD_Scaled,Full_42,Password,0.600690469875951,0.4830192681439667,0.5042864460574319,7991.0
Linear_Logistic_SGD_Scaled,Full_42,Port_Scanning,0.7926703549428855,0.9353315373679403,0.8576124609062141,8057.0
Linear_Logistic_SGD_Scaled,Full_42,Ransomware,0.9750809204405329,0.7816933638443936,0.867732179174646,8740.0
Linear_Logistic_SGD_Scaled,Full_42,SQL_injection,0.5129034940619592,0.6242903504419575,0.5586380639187996,8249.0
Linear_Logistic_SGD_Scaled,Full_42,Uploading,0.6463151179760919,0.5888009738283627,0.6111652158537593,8215.0
Linear_Logistic_SGD_Scaled,Full_42,Vulnerability_scanner,0.8523910267413111,0.8516308252274094,0.8520042848468357,8061.0
Linear_Logistic_SGD_Scaled,Full_42,XSS,0.7094922428048732,0.7174443970328592,0.713022686675165,8041.0
Linear_Logistic_SGD_Scaled,Mutual_Information_19,Backdoor,0.7888039548878836,0.8510368203075223,0.8034540965072697,8156.0
Linear_Logistic_SGD_Scaled,Mutual_Information_19,DDoS_HTTP,0.7551408780809277,0.6416170066668768,0.6910807806352586,8449.0
Linear_Logistic_SGD_Scaled,Mutual_Information_19,DDoS_ICMP,0.9540702512836658,0.9871352825329496,0.9700006404379933,11272.0
Linear_Logistic_SGD_Scaled,Mutual_Information_19,DDoS_TCP,0.8726998525697628,0.7070932603163738,0.7786046873185748,8197.0
Linear_Logistic_SGD_Scaled,Mutual_Information_19,DDoS_UDP,0.9984973366265096,0.9441252174688852,0.9703494791860603,11598.0
Linear_Logistic_SGD_Scaled,Mutual_Information_19,Fingerprinting,0.23369447028468526,0.417973602484472,0.2887246093108342,801.0
Linear_Logistic_SGD_Scaled,Mutual_Information_19,MITM,1.0,1.0,1.0,320.0
Linear_Logistic_SGD_Scaled,Mutual_Information_19,Normal,1.0,1.0,1.0,19441.0
Linear_Logistic_SGD_Scaled,Mutual_Information_19,Password,0.5080608249155597,0.4838876143647351,0.47484276251128027,7991.0
Linear_Logistic_SGD_Scaled,Mutual_Information_19,Port_Scanning,0.7464937288599206,0.958926918379072,0.8361564295223556,8057.0
Linear_Logistic_SGD_Scaled,Mutual_Information_19,Ransomware,0.7384324892863161,0.5278032036613272,0.5845559966979197,8740.0
Linear_Logistic_SGD_Scaled,Mutual_Information_19,SQL_injection,0.4367594163828451,0.4199109836999467,0.425034504955175,8249.0
Linear_Logistic_SGD_Scaled,Mutual_Information_19,Uploading,0.5875327550812232,0.6161898965307364,0.5944800318196408,8215.0
Linear_Logistic_SGD_Scaled,Mutual_Information_19,Vulnerability_scanner,0.8496760693546761,0.8350078995260285,0.8422742791054306,8061.0
Linear_Logistic_SGD_Scaled,Mutual_Information_19,XSS,0.5845476621120016,0.6826203816220328,0.6284174230860435,8041.0
Linear_Logistic_SGD_Scaled,Natural_Global_20,Backdoor,0.9404216277251226,0.8787374821173104,0.9054793809027906,8156.0
Linear_Logistic_SGD_Scaled,Natural_Global_20,DDoS_HTTP,0.8038692540668672,0.796902827554556,0.8002154201277298,8449.0
Linear_Logistic_SGD_Scaled,Natural_Global_20,DDoS_ICMP,0.9961868700631754,0.9723211555903571,0.9840845611456264,11272.0
Linear_Logistic_SGD_Scaled,Natural_Global_20,DDoS_TCP,0.8107951112587981,0.7930956561853598,0.8016464865323206,8197.0
Linear_Logistic_SGD_Scaled,Natural_Global_20,DDoS_UDP,1.0,0.9852561300203714,0.9925710115160463,11598.0
Linear_Logistic_SGD_Scaled,Natural_Global_20,Fingerprinting,0.23777112258915006,0.7052329192546584,0.35158815545628463,801.0
Linear_Logistic_SGD_Scaled,Natural_Global_20,MITM,1.0,1.0,1.0,320.0
Linear_Logistic_SGD_Scaled,Natural_Global_20,Normal,1.0,1.0,1.0,19441.0
Linear_Logistic_SGD_Scaled,Natural_Global_20,Password,0.5339911242266256,0.5669853890220813,0.5141438671512412,7991.0
Linear_Logistic_SGD_Scaled,Natural_Global_20,Port_Scanning,0.7907883427642831,0.924157659884818,0.8512755643301221,8057.0
Linear_Logistic_SGD_Scaled,Natural_Global_20,Ransomware,0.9556385772568128,0.7331807780320366,0.8248705091545414,8740.0
Linear_Logistic_SGD_Scaled,Natural_Global_20,SQL_injection,0.41947190729220807,0.49637819063895466,0.43596136264756025,8249.0
Linear_Logistic_SGD_Scaled,Natural_Global_20,Uploading,0.6626091906210334,0.5130858186244674,0.5766131022490101,8215.0
Linear_Logistic_SGD_Scaled,Natural_Global_20,Vulnerability_scanner,0.8507877974398976,0.8493978822809092,0.8500854802688178,8061.0
Linear_Logistic_SGD_Scaled,Natural_Global_20,XSS,0.6828561384334952,0.6895901165397376,0.6860387165370685,8041.0
Linear_Logistic_SGD_Scaled,Random_Forest_Importance_19,Backdoor,0.8139315041947957,0.8571653983481806,0.8263061369641436,8156.0
Linear_Logistic_SGD_Scaled,Random_Forest_Importance_19,DDoS_HTTP,0.6983844519873686,0.6817506945393268,0.683696682262627,8449.0
Linear_Logistic_SGD_Scaled,Random_Forest_Importance_19,DDoS_ICMP,0.9540166438376326,0.9863367022312636,0.9695956461062079,11272.0
Linear_Logistic_SGD_Scaled,Random_Forest_Importance_19,DDoS_TCP,0.8190164679024263,0.6737718567240585,0.738793108502348,8197.0
Linear_Logistic_SGD_Scaled,Random_Forest_Importance_19,DDoS_UDP,0.9984977964900068,0.9427459071240577,0.9696134300169723,11598.0
Linear_Logistic_SGD_Scaled,Random_Forest_Importance_19,Fingerprinting,0.28191982012847056,0.4116847826086957,0.3294163623617822,801.0
Linear_Logistic_SGD_Scaled,Random_Forest_Importance_19,MITM,1.0,0.996875,0.9984251968503937,320.0
Linear_Logistic_SGD_Scaled,Random_Forest_Importance_19,Normal,1.0,1.0,1.0,19441.0
Linear_Logistic_SGD_Scaled,Random_Forest_Importance_19,Password,0.4892884097523661,0.35827922802189416,0.38098826327033386,7991.0
Linear_Logistic_SGD_Scaled,Random_Forest_Importance_19,Port_Scanning,0.7158908920006526,0.9949104558763956,0.8325649246560693,8057.0
Linear_Logistic_SGD_Scaled,Random_Forest_Importance_19,Ransomware,0.7266433726861312,0.5347826086956522,0.6026515438681566,8740.0
Linear_Logistic_SGD_Scaled,Random_Forest_Importance_19,SQL_injection,0.48551187176332133,0.5664717275851296,0.5155177386926756,8249.0
Linear_Logistic_SGD_Scaled,Random_Forest_Importance_19,Uploading,0.6022386228991994,0.6220328667072428,0.6071905064350306,8215.0
Linear_Logistic_SGD_Scaled,Random_Forest_Importance_19,Vulnerability_scanner,0.8501038116541471,0.8455537283147626,0.8477945748298031,8061.0
Linear_Logistic_SGD_Scaled,Random_Forest_Importance_19,XSS,0.6260203951697194,0.6294048712311655,0.6228275147609424,8041.0
Linear_Logistic_SGD_Scaled,Stable_Balanced_Core,Backdoor,0.671999257837777,0.9243509635613902,0.7754530147904186,8156.0
Linear_Logistic_SGD_Scaled,Stable_Balanced_Core,DDoS_HTTP,0.6912719783735807,0.7379599286717745,0.7102051174448694,8449.0
Linear_Logistic_SGD_Scaled,Stable_Balanced_Core,DDoS_ICMP,0.9586747539079319,0.985804315363473,0.9718653988101256,11272.0
Linear_Logistic_SGD_Scaled,Stable_Balanced_Core,DDoS_TCP,0.8267158022674543,0.6923248857869909,0.7526855624677002,8197.0
Linear_Logistic_SGD_Scaled,Stable_Balanced_Core,DDoS_UDP,0.9971990617942448,0.949471197454313,0.9725819167032009,11598.0
Linear_Logistic_SGD_Scaled,Stable_Balanced_Core,Fingerprinting,0.41744297595520424,0.3443090062111801,0.2860661456247186,801.0
Linear_Logistic_SGD_Scaled,Stable_Balanced_Core,MITM,1.0,1.0,1.0,320.0
Linear_Logistic_SGD_Scaled,Stable_Balanced_Core,Normal,1.0,1.0,1.0,19441.0
Linear_Logistic_SGD_Scaled,Stable_Balanced_Core,Password,0.5528430215727995,0.3387220266734293,0.3807698182769851,7991.0
Linear_Logistic_SGD_Scaled,Stable_Balanced_Core,Port_Scanning,0.7131619061614165,0.996151612749198,0.8311318045703109,8057.0
Linear_Logistic_SGD_Scaled,Stable_Balanced_Core,Ransomware,0.7140781668818409,0.31796338672768876,0.43490818071267673,8740.0
Linear_Logistic_SGD_Scaled,Stable_Balanced_Core,SQL_injection,0.5003878700099177,0.707536982928129,0.5762144250712431,8249.0
Linear_Logistic_SGD_Scaled,Stable_Balanced_Core,Uploading,0.6376450285514682,0.6099817407181984,0.6203038005321264,8215.0
Linear_Logistic_SGD_Scaled,Stable_Balanced_Core,Vulnerability_scanner,0.8511036480821936,0.8543600460895423,0.8527219027080744,8061.0
Linear_Logistic_SGD_Scaled,Stable_Balanced_Core,XSS,0.6552748782190886,0.5938386841429892,0.6183337662898385,8041.0
Linear_Logistic_SGD_Scaled,Stable_Minority_Only,Backdoor,0.10444562702665303,0.09032125725826808,0.09050953365099722,8156.0
Linear_Logistic_SGD_Scaled,Stable_Minority_Only,DDoS_HTTP,0.4053969342355602,0.5042122890544806,0.44700061823722576,8449.0
Linear_Logistic_SGD_Scaled,Stable_Minority_Only,DDoS_ICMP,0.9530123315368225,0.9709001981203162,0.9617015217529599,11272.0
Linear_Logistic_SGD_Scaled,Stable_Minority_Only,DDoS_TCP,0.7410915741142036,0.5496111549279007,0.6170875546857035,8197.0
Linear_Logistic_SGD_Scaled,Stable_Minority_Only,DDoS_UDP,0.8169920357658798,0.97301326374329,0.8866176149677522,11598.0
Linear_Logistic_SGD_Scaled,Stable_Minority_Only,Fingerprinting,0.21354957639937666,0.2542701863354037,0.17971042622401917,801.0
Linear_Logistic_SGD_Scaled,Stable_Minority_Only,MITM,1.0,1.0,1.0,320.0
Linear_Logistic_SGD_Scaled,Stable_Minority_Only,Normal,0.5943704430874559,0.7888443928057083,0.673812637019284,19441.0
Linear_Logistic_SGD_Scaled,Stable_Minority_Only,Password,0.43349555408576707,0.2561318439794583,0.2922780926627536,7991.0
Linear_Logistic_SGD_Scaled,Stable_Minority_Only,Port_Scanning,0.782922797634463,0.9215556664556483,0.8462849421740909,8057.0
Linear_Logistic_SGD_Scaled,Stable_Minority_Only,Ransomware,0.7504578101994929,0.4443935926773455,0.5549023266503641,8740.0
Linear_Logistic_SGD_Scaled,Stable_Minority_Only,SQL_injection,0.2835014105483381,0.36994564198687907,0.3178818976356988,8249.0
Linear_Logistic_SGD_Scaled,Stable_Minority_Only,Uploading,0.3357971830979346,0.09312233718807056,0.14194729390895935,8215.0
Linear_Logistic_SGD_Scaled,Stable_Minority_Only,Vulnerability_scanner,0.625915234767151,0.8493981899547565,0.7206859526040006,8061.0
Linear_Logistic_SGD_Scaled,Stable_Minority_Only,XSS,0.4736794938219721,0.5937172434904409,0.5251582410990409,8041.0
Random_Forest,CS_SHAP_Union,Backdoor,1.0,0.9661602409204025,0.9827866507934855,8156.0
Random_Forest,CS_SHAP_Union,DDoS_HTTP,0.9676245536559506,0.9653218003019889,0.9664631502517376,8449.0
Random_Forest,CS_SHAP_Union,DDoS_ICMP,0.9999112688553682,0.9996451147700958,0.9997781425942052,11272.0
Random_Forest,CS_SHAP_Union,DDoS_TCP,1.0,1.0,1.0,8197.0
Random_Forest,CS_SHAP_Union,DDoS_UDP,1.0,0.9999137931034483,0.9999568872601854,11598.0
Random_Forest,CS_SHAP_Union,Fingerprinting,0.5394418333666693,0.9013897515527951,0.6665039476898148,801.0
Random_Forest,CS_SHAP_Union,MITM,1.0,1.0,1.0,320.0
Random_Forest,CS_SHAP_Union,Normal,1.0,1.0,1.0,19441.0
Random_Forest,CS_SHAP_Union,Password,0.9361365525264433,0.8933790753138109,0.9142553681715387,7991.0
Random_Forest,CS_SHAP_Union,Port_Scanning,0.9629026701603525,0.933846477304758,0.9481404182036473,8057.0
Random_Forest,CS_SHAP_Union,Ransomware,0.9530849898155136,0.941304347826087,0.9464707544708457,8740.0
Random_Forest,CS_SHAP_Union,SQL_injection,0.9290411982975453,0.9568437069298197,0.9427289513619291,8249.0
Random_Forest,CS_SHAP_Union,Uploading,0.9695412689689314,0.9834449178332318,0.9764341520522344,8215.0
Random_Forest,CS_SHAP_Union,Vulnerability_scanner,0.9920603851126983,0.990075287790425,0.9910599674930115,8061.0
Random_Forest,CS_SHAP_Union,XSS,0.9693049198856777,0.9736350101574167,0.9714595894645669,8041.0
Random_Forest,Class_Balanced_15,Backdoor,1.0,0.9661602409204025,0.9827866507934855,8156.0
Random_Forest,Class_Balanced_15,DDoS_HTTP,0.9692502331958449,0.9657950329490157,0.9675102661403188,8449.0
Random_Forest,Class_Balanced_15,DDoS_ICMP,0.9999112688553682,0.9996451147700958,0.9997781425942052,11272.0
Random_Forest,Class_Balanced_15,DDoS_TCP,1.0,1.0,1.0,8197.0
Random_Forest,Class_Balanced_15,DDoS_UDP,1.0,0.9999137931034483,0.9999568872601854,11598.0
Random_Forest,Class_Balanced_15,Fingerprinting,0.2676487451340324,1.0,0.422143441583707,801.0
Random_Forest,Class_Balanced_15,MITM,1.0,1.0,1.0,320.0
Random_Forest,Class_Balanced_15,Normal,1.0,1.0,1.0,19441.0
Random_Forest,Class_Balanced_15,Password,0.9428386163842767,0.8916268850760135,0.9164629770229549,7991.0
Random_Forest,Class_Balanced_15,Port_Scanning,1.0,0.8853178288842372,0.9391497291543468,8057.0
Random_Forest,Class_Balanced_15,Ransomware,1.0,0.8863844393592677,0.9397625956275414,8740.0
Random_Forest,Class_Balanced_15,SQL_injection,0.9275310830483455,0.9612077108256611,0.9440370382686373,8249.0
Random_Forest,Class_Balanced_15,Uploading,0.9695913323752618,0.9852708460133901,0.9773601843789838,8215.0
Random_Forest,Class_Balanced_15,Vulnerability_scanner,0.9928069398826436,0.9904474193086876,0.9916164252295443,8061.0
Random_Forest,Class_Balanced_15,XSS,0.969100455463743,0.9750021644419297,0.9720363532441318,8041.0
Random_Forest,Full_42,Backdoor,1.0,0.9661602409204025,0.9827866507934855,8156.0
Random_Forest,Full_42,DDoS_HTTP,0.9749011157029518,0.9648480771858283,0.9698416098778084,8449.0
Random_Forest,Full_42,DDoS_ICMP,0.9999112688553682,0.9996451147700958,0.9997781425942052,11272.0
Random_Forest,Full_42,DDoS_TCP,1.0,1.0,1.0,8197.0
Random_Forest,Full_42,DDoS_UDP,1.0,0.9999137931034483,0.9999568872601854,11598.0
Random_Forest,Full_42,Fingerprinting,0.5394418333666693,0.9013897515527951,0.6665039476898148,801.0
Random_Forest,Full_42,MITM,1.0,1.0,1.0,320.0
Random_Forest,Full_42,Normal,1.0,1.0,1.0,19441.0
Random_Forest,Full_42,Password,0.9614284298671965,0.8848692980046196,0.9215339592045396,7991.0
Random_Forest,Full_42,Port_Scanning,0.9629026701603525,0.933846477304758,0.9481404182036473,8057.0
Random_Forest,Full_42,Ransomware,0.9530849898155136,0.941304347826087,0.9464707544708457,8740.0
Random_Forest,Full_42,SQL_injection,0.9242990921839574,0.9735720087472665,0.948286934507131,8249.0
Random_Forest,Full_42,Uploading,0.9682821445978951,0.9913572732805843,0.9796741576869727,8215.0
Random_Forest,Full_42,Vulnerability_scanner,0.9945145161609794,0.9866018038917665,0.9905340068261307,8061.0
Random_Forest,Full_42,XSS,0.9665645130106151,0.9847038115822381,0.9755443850359091,8041.0
Random_Forest,Mutual_Information_19,Backdoor,1.0,0.9661602409204025,0.9827866507934855,8156.0
Random_Forest,Mutual_Information_19,DDoS_HTTP,0.9765395058505707,0.9646112506612574,0.9705262927496185,8449.0
Random_Forest,Mutual_Information_19,DDoS_ICMP,0.9999112688553682,0.9996451147700958,0.9997781425942052,11272.0
Random_Forest,Mutual_Information_19,DDoS_TCP,1.0,1.0,1.0,8197.0
Random_Forest,Mutual_Information_19,DDoS_UDP,1.0,0.9999137931034483,0.9999568872601854,11598.0
Random_Forest,Mutual_Information_19,Fingerprinting,0.2676487451340324,1.0,0.422143441583707,801.0
Random_Forest,Mutual_Information_19,MITM,1.0,1.0,1.0,320.0
Random_Forest,Mutual_Information_19,Normal,1.0,1.0,1.0,19441.0
Random_Forest,Mutual_Information_19,Password,0.9648534111333396,0.8851196108957335,0.9232442672179367,7991.0
Random_Forest,Mutual_Information_19,Port_Scanning,1.0,0.8853178288842372,0.9391497291543468,8057.0
Random_Forest,Mutual_Information_19,Ransomware,1.0,0.8863844393592677,0.9397625956275414,8740.0
Random_Forest,Mutual_Information_19,SQL_injection,0.9241102340144532,0.9755115496995425,0.9491086581692951,8249.0
Random_Forest,Mutual_Information_19,Uploading,0.9685378351995177,0.9922093730979915,0.9802211169543144,8215.0
Random_Forest,Mutual_Information_19,Vulnerability_scanner,0.9946442430553561,0.987842191007001,0.9912234619833029,8061.0
Random_Forest,Mutual_Information_19,XSS,0.9663545039155714,0.9853255475265066,0.9757413656119105,8041.0
Random_Forest,Natural_Global_20,Backdoor,1.0,0.9661602409204025,0.9827866507934855,8156.0
Random_Forest,Natural_Global_20,DDoS_HTTP,0.9771302944784168,0.9649664203810945,0.97099945524968,8449.0
Random_Forest,Natural_Global_20,DDoS_ICMP,0.9999112688553682,0.9996451147700958,0.9997781425942052,11272.0
Random_Forest,Natural_Global_20,DDoS_TCP,1.0,1.0,1.0,8197.0
Random_Forest,Natural_Global_20,DDoS_UDP,1.0,0.9999137931034483,0.9999568872601854,11598.0
Random_Forest,Natural_Global_20,Fingerprinting,0.5394418333666693,0.9013897515527951,0.6665039476898148,801.0
Random_Forest,Natural_Global_20,MITM,1.0,1.0,1.0,320.0
Random_Forest,Natural_Global_20,Normal,1.0,1.0,1.0,19441.0
Random_Forest,Natural_Global_20,Password,0.9623583198338423,0.8854951585041025,0.922307060176424,7991.0
Random_Forest,Natural_Global_20,Port_Scanning,0.9629026701603525,0.933846477304758,0.9481404182036473,8057.0
Random_Forest,Natural_Global_20,Ransomware,0.9530849898155136,0.941304347826087,0.9464707544708457,8740.0
Random_Forest,Natural_Global_20,SQL_injection,0.924623316338757,0.9736932208684786,0.9485151979825697,8249.0
Random_Forest,Natural_Global_20,Uploading,0.9685320917446513,0.9920876445526476,0.9801599861565204,8215.0
Random_Forest,Natural_Global_20,Vulnerability_scanner,0.9947720052198028,0.9885865309619885,0.9916623438259545,8061.0
Random_Forest,Natural_Global_20,XSS,0.9664598407073977,0.9850767913076013,0.9756746486506108,8041.0
Random_Forest,Random_Forest_Importance_19,Backdoor,1.0,0.9661602409204025,0.9827866507934855,8156.0
Random_Forest,Random_Forest_Importance_19,DDoS_HTTP,0.9767857560984601,0.9647298040575812,0.9707039886600659,8449.0
Random_Forest,Random_Forest_Importance_19,DDoS_ICMP,0.9999112688553682,0.9996451147700958,0.9997781425942052,11272.0
Random_Forest,Random_Forest_Importance_19,DDoS_TCP,1.0,1.0,1.0,8197.0
Random_Forest,Random_Forest_Importance_19,DDoS_UDP,1.0,0.9999137931034483,0.9999568872601854,11598.0
Random_Forest,Random_Forest_Importance_19,Fingerprinting,0.2676487451340324,1.0,0.422143441583707,801.0
Random_Forest,Random_Forest_Importance_19,MITM,1.0,1.0,1.0,320.0
Random_Forest,Random_Forest_Importance_19,Normal,1.0,1.0,1.0,19441.0
Random_Forest,Random_Forest_Importance_19,Password,0.9635140028589676,0.884869376276318,0.9224962938396043,7991.0
Random_Forest,Random_Forest_Importance_19,Port_Scanning,1.0,0.8853178288842372,0.9391497291543468,8057.0
Random_Forest,Random_Forest_Importance_19,Ransomware,1.0,0.8863844393592677,0.9397625956275414,8740.0
Random_Forest,Random_Forest_Importance_19,SQL_injection,0.9239462350038705,0.9746631383574986,0.9486201854492,8249.0
Random_Forest,Random_Forest_Importance_19,Uploading,0.9684128873463514,0.9918441874619599,0.9799785205301985,8215.0
Random_Forest,Random_Forest_Importance_19,Vulnerability_scanner,0.9942774155486424,0.9883384689226338,0.9912896521378001,8061.0
Random_Forest,Random_Forest_Importance_19,XSS,0.9669406368401707,0.9852013240200488,0.9759782880013427,8041.0
Random_Forest,Stable_Balanced_Core,Backdoor,1.0,0.9661602409204025,0.9827866507934855,8156.0
Random_Forest,Stable_Balanced_Core,DDoS_HTTP,0.9677364670041918,0.9652034571067226,0.9664589070075593,8449.0
Random_Forest,Stable_Balanced_Core,DDoS_ICMP,0.9999112688553682,0.9996451147700958,0.9997781425942052,11272.0
Random_Forest,Stable_Balanced_Core,DDoS_TCP,1.0,1.0,1.0,8197.0
Random_Forest,Stable_Balanced_Core,DDoS_UDP,1.0,0.9999137931034483,0.9999568872601854,11598.0
Random_Forest,Stable_Balanced_Core,Fingerprinting,0.2676487451340324,1.0,0.422143441583707,801.0
Random_Forest,Stable_Balanced_Core,MITM,1.0,1.0,1.0,320.0
Random_Forest,Stable_Balanced_Core,Normal,1.0,1.0,1.0,19441.0
Random_Forest,Stable_Balanced_Core,Password,0.9368497704639408,0.8930036842488382,0.9143992203610203,7991.0
Random_Forest,Stable_Balanced_Core,Port_Scanning,1.0,0.8853178288842372,0.9391497291543468,8057.0
Random_Forest,Stable_Balanced_Core,Ransomware,1.0,0.8863844393592677,0.9397625956275414,8740.0
Random_Forest,Stable_Balanced_Core,SQL_injection,0.928296873928226,0.9572074903063381,0.9425260513909809,8249.0
Random_Forest,Stable_Balanced_Core,Uploading,0.9696569390031895,0.9834449178332318,0.976493514997887,8215.0
Random_Forest,Stable_Balanced_Core,Vulnerability_scanner,0.9918140782198577,0.9900752108719629,0.9909370934450402,8061.0
Random_Forest,Stable_Balanced_Core,XSS,0.9691821119837657,0.9735105547464666,0.9713351835135535,8041.0
Random_Forest,Stable_Minority_Only,Backdoor,1.0,0.9661602409204025,0.9827866507934855,8156.0
Random_Forest,Stable_Minority_Only,DDoS_HTTP,0.8240320485377639,0.7851844689445454,0.8040018338252144,8449.0
Random_Forest,Stable_Minority_Only,DDoS_ICMP,1.0,0.999556422974087,0.9997781229111642,11272.0
Random_Forest,Stable_Minority_Only,DDoS_TCP,0.9983375959079284,0.9891463414634145,0.9936329588014982,8197.0
Random_Forest,Stable_Minority_Only,DDoS_UDP,0.9999137559292798,0.9998275490327281,0.9998706431894652,11598.0
Random_Forest,Stable_Minority_Only,Fingerprinting,0.5360884292221717,0.9013897515527951,0.6633784105147158,801.0
Random_Forest,Stable_Minority_Only,MITM,1.0,1.0,1.0,320.0
Random_Forest,Stable_Minority_Only,Normal,1.0,0.9950105790628205,0.9974989531865377,19441.0
Random_Forest,Stable_Minority_Only,Password,0.8234343353668796,0.7871268103265417,0.8038244778623984,7991.0
Random_Forest,Stable_Minority_Only,Port_Scanning,0.948024051139344,0.9322325728975576,0.9400217970901485,8057.0
Random_Forest,Stable_Minority_Only,Ransomware,0.9480207671351029,0.941304347826087,0.9438941063123073,8740.0
Random_Forest,Stable_Minority_Only,SQL_injection,0.8349617019499795,0.8876262932539463,0.8601036099506187,8249.0
Random_Forest,Stable_Minority_Only,Uploading,0.884539781108406,0.8662203286670724,0.8752214797412666,8215.0
Random_Forest,Stable_Minority_Only,Vulnerability_scanner,0.972549508345606,0.9701021784846755,0.9712813628190119,8061.0
Random_Forest,Stable_Minority_Only,XSS,0.8543555860338415,0.899512536756862,0.8758641111177228,8041.0
XGBoost,CS_SHAP_Union,Backdoor,1.0,0.9661602409204025,0.9827866507934855,8156.0
XGBoost,CS_SHAP_Union,DDoS_HTTP,0.9890404819763365,0.9603501949614806,0.9744797537943242,8449.0
XGBoost,CS_SHAP_Union,DDoS_ICMP,0.9964430041339847,0.9936128528341829,0.9950243492338963,11272.0
XGBoost,CS_SHAP_Union,DDoS_TCP,1.0,1.0,1.0,8197.0
XGBoost,CS_SHAP_Union,DDoS_UDP,0.9988789381225255,0.9982755646756182,0.998576925938268,11598.0
XGBoost,CS_SHAP_Union,Fingerprinting,0.9207888559426737,0.8302173913043479,0.8727708956068557,801.0
XGBoost,CS_SHAP_Union,MITM,1.0,1.0,1.0,320.0
XGBoost,CS_SHAP_Union,Normal,1.0,1.0,1.0,19441.0
XGBoost,CS_SHAP_Union,Password,0.9779364382103026,0.8763593641520318,0.9243510229691057,7991.0
XGBoost,CS_SHAP_Union,Port_Scanning,0.9313584312441587,0.9628902874622824,0.9468524320770803,8057.0
XGBoost,CS_SHAP_Union,Ransomware,0.9412004397306241,0.9541189931350115,0.9476103217934266,8740.0
XGBoost,CS_SHAP_Union,SQL_injection,0.9197344884038137,0.9858164176635977,0.9516179486689478,8249.0
XGBoost,CS_SHAP_Union,Uploading,0.9665330906837184,0.9944004869141814,0.9802644448175496,8215.0
XGBoost,CS_SHAP_Union,Vulnerability_scanner,0.9957640606579533,0.9903233498297794,0.9930325955528956,8061.0
XGBoost,CS_SHAP_Union,XSS,0.9624324295650174,0.9970150026746317,0.9794155284232081,8041.0
XGBoost,Class_Balanced_15,Backdoor,1.0,0.9661602409204025,0.9827866507934855,8156.0
XGBoost,Class_Balanced_15,DDoS_HTTP,0.9874003250598589,0.961770313304676,0.9744016699768471,8449.0
XGBoost,Class_Balanced_15,DDoS_ICMP,0.9960881643700352,0.9936128528341829,0.994847657721684,11272.0
XGBoost,Class_Balanced_15,DDoS_TCP,1.0,1.0,1.0,8197.0
XGBoost,Class_Balanced_15,DDoS_UDP,0.9988789381225255,0.9982755646756182,0.998576925938268,11598.0
XGBoost,Class_Balanced_15,Fingerprinting,0.9202557303291098,0.825225155279503,0.8698189155922849,801.0
XGBoost,Class_Balanced_15,MITM,1.0,1.0,1.0,320.0
XGBoost,Class_Balanced_15,Normal,1.0,1.0,1.0,19441.0
XGBoost,Class_Balanced_15,Password,0.9775817653525831,0.8766098335865422,0.9243219909352826,7991.0
XGBoost,Class_Balanced_15,Port_Scanning,1.0,0.8853178288842372,0.9391497291543468,8057.0
XGBoost,Class_Balanced_15,Ransomware,0.8690960594364828,1.0,0.9299508043829366,8740.0
XGBoost,Class_Balanced_15,SQL_injection,0.9194603792621111,0.9852105775768601,0.951191450911194,8249.0
XGBoost,Class_Balanced_15,Uploading,0.9666434412209448,0.9942787583688375,0.9802618134947073,8215.0
XGBoost,Class_Balanced_15,Vulnerability_scanner,0.996510943663934,0.9901992803508712,0.9933406511216823,8061.0
XGBoost,Class_Balanced_15,XSS,0.9628463457059236,0.9951506451582979,0.9787190378950088,8041.0
XGBoost,Full_42,Backdoor,1.0,0.9661602409204025,0.9827866507934855,8156.0
XGBoost,Full_42,DDoS_HTTP,0.9822418471747711,0.9617705235057332,0.9718934977729811,8449.0
XGBoost,Full_42,DDoS_ICMP,0.9979553820781485,0.9948548527672901,0.9964010320619258,11272.0
XGBoost,Full_42,DDoS_TCP,1.0,1.0,1.0,8197.0
XGBoost,Full_42,DDoS_UDP,1.0,1.0,1.0,11598.0
XGBoost,Full_42,Fingerprinting,0.9216724564691313,0.8264673913043478,0.8711380883956015,801.0
XGBoost,Full_42,MITM,1.0,1.0,1.0,320.0
XGBoost,Full_42,Normal,1.0,1.0,1.0,19441.0
XGBoost,Full_42,Password,0.9738742176954627,0.8769849898364199,0.9228810226919159,7991.0
XGBoost,Full_42,Port_Scanning,0.9313584312441587,0.9628902874622824,0.9468524320770803,8057.0
XGBoost,Full_42,Ransomware,0.9412004397306241,0.9541189931350115,0.9476103217934266,8740.0
XGBoost,Full_42,SQL_injection,0.9205256534987761,0.983998676884062,0.9511943124251655,8249.0
XGBoost,Full_42,Uploading,0.9660166786845338,0.9925745587340232,0.9791101098896171,8215.0
XGBoost,Full_42,Vulnerability_scanner,0.9942771889295828,0.9901992034324095,0.9922296356053966,8061.0
XGBoost,Full_42,XSS,0.9648560234257939,0.989926764561283,0.9772275496657044,8041.0
XGBoost,Mutual_Information_19,Backdoor,1.0,0.9661602409204025,0.9827866507934855,8156.0
XGBoost,Mutual_Information_19,DDoS_HTTP,0.9818945438436897,0.9621257632925893,0.9719033277984173,8449.0
XGBoost,Mutual_Information_19,DDoS_ICMP,0.9960895399081895,0.9937015839788147,0.9948923465422691,11272.0
XGBoost,Mutual_Information_19,DDoS_TCP,1.0,1.0,1.0,8197.0
XGBoost,Mutual_Information_19,DDoS_UDP,0.9988789381225255,0.9982755646756182,0.998576925938268,11598.0
XGBoost,Mutual_Information_19,Fingerprinting,0.9217051598125767,0.825225155279503,0.8703857201574736,801.0
XGBoost,Mutual_Information_19,MITM,1.0,1.0,1.0,320.0
XGBoost,Mutual_Information_19,Normal,1.0,1.0,1.0,19441.0
XGBoost,Mutual_Information_19,Password,0.9727780848583244,0.8769849898364199,0.922389959196334,7991.0
XGBoost,Mutual_Information_19,Port_Scanning,1.0,0.8853178288842372,0.9391497291543468,8057.0
XGBoost,Mutual_Information_19,Ransomware,0.8690960594364828,1.0,0.9299508043829366,8740.0
XGBoost,Mutual_Information_19,SQL_injection,0.9199006296867918,0.9825435433779885,0.9501817107847165,8249.0
XGBoost,Mutual_Information_19,Uploading,0.966249825727628,0.992696287279367,0.9792877931896691,8215.0
XGBoost,Mutual_Information_19,Vulnerability_scanner,0.9940324810788649,0.9899509875561312,0.9919812103343961,8061.0
XGBoost,Mutual_Information_19,XSS,0.9654362433995051,0.9898023864518303,0.977464547388762,8041.0
XGBoost,Natural_Global_20,Backdoor,1.0,0.9661602409204025,0.9827866507934855,8156.0
XGBoost,Natural_Global_20,DDoS_HTTP,0.9811931866722376,0.9627175493359399,0.9718622709594935,8449.0
XGBoost,Natural_Global_20,DDoS_ICMP,0.9980440766033534,0.9947661216226585,0.996400637216445,11272.0
XGBoost,Natural_Global_20,DDoS_TCP,1.0,1.0,1.0,8197.0
XGBoost,Natural_Global_20,DDoS_UDP,1.0,1.0,1.0,11598.0
XGBoost,Natural_Global_20,Fingerprinting,0.920533405264319,0.8277251552795031,0.8713043582541982,801.0
XGBoost,Natural_Global_20,MITM,1.0,1.0,1.0,320.0
XGBoost,Natural_Global_20,Normal,1.0,1.0,1.0,19441.0
XGBoost,Natural_Global_20,Password,0.9732068195412946,0.8774854590752511,0.9228580297342137,7991.0
XGBoost,Natural_Global_20,Port_Scanning,0.9313584312441587,0.9628902874622824,0.9468524320770803,8057.0
XGBoost,Natural_Global_20,Ransomware,0.9412004397306241,0.9541189931350115,0.9476103217934266,8740.0
XGBoost,Natural_Global_20,SQL_injection,0.920226815265506,0.9827859676204127,0.9504710728925574,8249.0
XGBoost,Natural_Global_20,Uploading,0.9663682002154603,0.9928180158247109,0.9794085080098978,8215.0
XGBoost,Natural_Global_20,Vulnerability_scanner,0.9945267928547217,0.9901991265139476,0.9923526146814712,8061.0
XGBoost,Natural_Global_20,XSS,0.9655198565468076,0.9888075161792035,0.9770206389563807,8041.0
XGBoost,Random_Forest_Importance_19,Backdoor,1.0,0.9661602409204025,0.9827866507934855,8156.0
XGBoost,Random_Forest_Importance_19,DDoS_HTTP,0.9824930813181172,0.9622442466218939,0.9722563379252392,8449.0
XGBoost,Random_Forest_Importance_19,DDoS_ICMP,0.996087847548792,0.9936128528341829,0.9948475791223647,11272.0
XGBoost,Random_Forest_Importance_19,DDoS_TCP,1.0,1.0,1.0,8197.0
XGBoost,Random_Forest_Importance_19,DDoS_UDP,0.998878789169091,0.9981893577790665,0.9985337016078057,11598.0
XGBoost,Random_Forest_Importance_19,Fingerprinting,0.920339214547654,0.8264751552795031,0.8705827203603047,801.0
XGBoost,Random_Forest_Importance_19,MITM,1.0,1.0,1.0,320.0
XGBoost,Random_Forest_Importance_19,Normal,1.0,1.0,1.0,19441.0
XGBoost,Random_Forest_Importance_19,Password,0.9711769116931388,0.8772351461841372,0.9218052091365774,7991.0
XGBoost,Random_Forest_Importance_19,Port_Scanning,1.0,0.8853178288842372,0.9391497291543468,8057.0
XGBoost,Random_Forest_Importance_19,Ransomware,0.8690960594364828,1.0,0.9299508043829366,8740.0
XGBoost,Random_Forest_Importance_19,SQL_injection,0.9198227727324,0.9814527077935205,0.9496273622187085,8249.0
XGBoost,Random_Forest_Importance_19,Uploading,0.9664680183570091,0.9923311016433353,0.9792227194809229,8215.0
XGBoost,Random_Forest_Importance_19,Vulnerability_scanner,0.9944035232236026,0.9905713349506723,0.9924790103305574,8061.0
XGBoost,Random_Forest_Importance_19,XSS,0.9652016119226632,0.9898025410548253,0.9773442228228022,8041.0
XGBoost,Stable_Balanced_Core,Backdoor,1.0,0.9661602409204025,0.9827866507934855,8156.0
XGBoost,Stable_Balanced_Core,DDoS_HTTP,0.9892781928744185,0.9601135085709481,0.9744728869736958,8449.0
XGBoost,Stable_Balanced_Core,DDoS_ICMP,0.996087847548792,0.9936128528341829,0.9948475791223647,11272.0
XGBoost,Stable_Balanced_Core,DDoS_TCP,1.0,1.0,1.0,8197.0
XGBoost,Stable_Balanced_Core,DDoS_UDP,0.998878789169091,0.9981893577790665,0.9985337016078057,11598.0
XGBoost,Stable_Balanced_Core,Fingerprinting,0.920339214547654,0.8264751552795031,0.8705827203603047,801.0
XGBoost,Stable_Balanced_Core,MITM,1.0,1.0,1.0,320.0
XGBoost,Stable_Balanced_Core,Normal,1.0,1.0,1.0,19441.0
XGBoost,Stable_Balanced_Core,Password,0.9795780441837636,0.8762343642498716,0.9250151344315117,7991.0
XGBoost,Stable_Balanced_Core,Port_Scanning,1.0,0.8853178288842372,0.9391497291543468,8057.0
XGBoost,Stable_Balanced_Core,Ransomware,0.8690960594364828,1.0,0.9299508043829366,8740.0
XGBoost,Stable_Balanced_Core,SQL_injection,0.9190925966603294,0.98702861238216,0.9518401081251611,8249.0
XGBoost,Stable_Balanced_Core,Uploading,0.9668749526141956,0.9942787583688375,0.9803804127665723,8215.0
XGBoost,Stable_Balanced_Core,Vulnerability_scanner,0.995516930497607,0.9903233498297794,0.9929094922272963,8061.0
XGBoost,Stable_Balanced_Core,XSS,0.9623230777773225,0.9971393807840846,0.9794182747359121,8041.0
XGBoost,Stable_Minority_Only,Backdoor,1.0,0.9661602409204025,0.9827866507934855,8156.0
XGBoost,Stable_Minority_Only,DDoS_HTTP,0.8133178366633654,0.8235350913148427,0.8180092649186467,8449.0
XGBoost,Stable_Minority_Only,DDoS_ICMP,0.9980363008278583,0.9909511939355902,0.9944800400753498,11272.0
XGBoost,Stable_Minority_Only,DDoS_TCP,0.9996113989637305,0.9879268292682927,0.9935929648241206,8197.0
XGBoost,Stable_Minority_Only,DDoS_UDP,0.9962163081446874,0.9986203922618252,0.9974166502460481,11598.0
XGBoost,Stable_Minority_Only,Fingerprinting,0.9208033619798325,0.8302173913043479,0.8728245998332673,801.0
XGBoost,Stable_Minority_Only,MITM,1.0,1.0,1.0,320.0
XGBoost,Stable_Minority_Only,Normal,1.0,0.9950105790628205,0.9974989531865377,19441.0
XGBoost,Stable_Minority_Only,Password,0.913876292529365,0.7527115273078214,0.8208072148184555,7991.0
XGBoost,Stable_Minority_Only,Port_Scanning,0.9166465318289134,0.9625178479836978,0.9389246503159339,8057.0
XGBoost,Stable_Minority_Only,Ransomware,0.9336138282513897,0.9541189931350115,0.9437486901379802,8740.0
XGBoost,Stable_Minority_Only,SQL_injection,0.8529999987410106,0.8964707352481762,0.872566139206052,8249.0
XGBoost,Stable_Minority_Only,Uploading,0.9232535161753143,0.8551430310407792,0.887311498461276,8215.0
XGBoost,Stable_Minority_Only,Vulnerability_scanner,0.9719312556662463,0.9713425655999103,0.9715817599885508,8061.0
XGBoost,Stable_Minority_Only,XSS,0.8289561195628196,0.9771172107146061,0.8958206130837454,8041.0
