classifier,metric,reference,comparator,reference_mean,comparator_mean,mean_paired_difference,cohen_dz,exact_sign_flip_p,reference_wins,ties,reference_losses,holm_p_within_classifier_metric
XGBoost,accuracy,CS_SHAP_Union,Class_Balanced_15,0.9777685683014005,0.9758894086321768,0.0018791596692238732,2.692981401100506,0.0625,5,0,0,0.4375
XGBoost,accuracy,CS_SHAP_Union,Full_42,0.9777685683014005,0.9774500738248951,0.0003184944765052489,0.6181266454175249,0.375,3,0,2,0.625
XGBoost,accuracy,CS_SHAP_Union,Mutual_Information_19,0.9777685683014005,0.9753081451884247,0.0024604231129756737,3.7561825258888586,0.0625,5,0,0,0.4375
XGBoost,accuracy,CS_SHAP_Union,Natural_Global_20,0.9777685683014005,0.977410259835867,0.000358308465533308,0.7038529331096565,0.3125,4,0,1,0.625
XGBoost,accuracy,CS_SHAP_Union,Random_Forest_Importance_19,0.9777685683014005,0.9752683362716059,0.002500232029794458,3.53733912425714,0.0625,5,0,0,0.4375
XGBoost,accuracy,CS_SHAP_Union,Stable_Balanced_Core,0.9777685683014005,0.97600884330796,0.0017597249934404146,3.559268202326019,0.0625,5,0,0,0.4375
XGBoost,accuracy,CS_SHAP_Union,Stable_Minority_Only,0.9777685683014005,0.9414352576101976,0.036333310691202894,1.6831904925082668,0.0625,5,0,0,0.4375
XGBoost,macro_f1,CS_SHAP_Union,Class_Balanced_15,0.9697855246446029,0.9678244865278487,0.001961038116754277,4.715631315150761,0.0625,5,0,0,0.4375
XGBoost,macro_f1,CS_SHAP_Union,Full_42,0.9697855246446029,0.9692883102114866,0.0004972144331162776,1.185356629144835,0.125,4,0,1,0.4375
XGBoost,macro_f1,CS_SHAP_Union,Mutual_Information_19,0.9697855246446029,0.9672633817107382,0.0025221429338645905,5.276201289131247,0.0625,5,0,0,0.4375
XGBoost,macro_f1,CS_SHAP_Union,Natural_Global_20,0.9697855246446029,0.9692618356912434,0.000523688953359569,1.1942530892942587,0.0625,5,0,0,0.4375
XGBoost,macro_f1,CS_SHAP_Union,Random_Forest_Importance_19,0.9697855246446029,0.9672390698224035,0.002546454822199351,5.858184261713416,0.0625,5,0,0,0.4375
XGBoost,macro_f1,CS_SHAP_Union,Stable_Balanced_Core,0.9697855246446029,0.9679924996454263,0.0017930249991767067,3.860098009090273,0.0625,5,0,0,0.4375
XGBoost,macro_f1,CS_SHAP_Union,Stable_Minority_Only,0.9697855246446029,0.9324913126592966,0.03729421198530627,1.5725620386694605,0.0625,5,0,0,0.4375
XGBoost,balanced_accuracy,CS_SHAP_Union,Class_Balanced_15,0.9673026764351699,0.9647874033960019,0.00251527303916792,5.622294702797545,0.0625,5,0,0,0.4375
XGBoost,balanced_accuracy,CS_SHAP_Union,Full_42,0.9673026764351699,0.9666630988362177,0.0006395775989521235,1.27116365543833,0.125,4,0,1,0.4375
XGBoost,balanced_accuracy,CS_SHAP_Union,Mutual_Information_19,0.9673026764351699,0.9641856221021936,0.00311705433297631,6.179071071307523,0.0625,5,0,0,0.4375
XGBoost,balanced_accuracy,CS_SHAP_Union,Natural_Global_20,0.9673026764351699,0.9666982955312884,0.0006043809038815739,1.1836958552065686,0.125,4,0,1,0.4375
XGBoost,balanced_accuracy,CS_SHAP_Union,Random_Forest_Importance_19,0.9673026764351699,0.9642261675963851,0.0030765088387847417,10.869522650966218,0.0625,5,0,0,0.4375
XGBoost,balanced_accuracy,CS_SHAP_Union,Stable_Balanced_Core,0.9673026764351699,0.9649915606588715,0.0023111157762983003,3.9961632979617177,0.0625,5,0,0,0.4375
XGBoost,balanced_accuracy,CS_SHAP_Union,Stable_Minority_Only,0.9673026764351699,0.9307895752732083,0.036513101161961645,1.643694136854964,0.0625,5,0,0,0.4375
XGBoost,mcc,CS_SHAP_Union,Class_Balanced_15,0.9757926598026575,0.9738241972598974,0.0019684625427600854,2.5857671024073126,0.0625,5,0,0,0.4375
XGBoost,mcc,CS_SHAP_Union,Full_42,0.9757926598026575,0.9754396581314568,0.0003530016712007811,0.6239782315651438,0.3125,3,0,2,0.5
XGBoost,mcc,CS_SHAP_Union,Mutual_Information_19,0.9757926598026575,0.9731845546372815,0.0026081051653759958,3.6663538322862395,0.0625,5,0,0,0.4375
XGBoost,mcc,CS_SHAP_Union,Natural_Global_20,0.9757926598026575,0.9753950501719627,0.00039760963069477293,0.7127483083398503,0.25,4,0,1,0.5
XGBoost,mcc,CS_SHAP_Union,Random_Forest_Importance_19,0.9757926598026575,0.973140082632146,0.002652577170511461,3.4553992643976326,0.0625,5,0,0,0.4375
XGBoost,mcc,CS_SHAP_Union,Stable_Balanced_Core,0.9757926598026575,0.9739569271048355,0.0018357326978221122,3.453122138043363,0.0625,5,0,0,0.4375
XGBoost,mcc,CS_SHAP_Union,Stable_Minority_Only,0.9757926598026575,0.9363553229966405,0.03943733680601711,1.6997689513429153,0.0625,5,0,0,0.4375
Random_Forest,accuracy,CS_SHAP_Union,Class_Balanced_15,0.9734449255706084,0.9675765129996616,0.005868412570946746,2.2028622255266406,0.0625,5,0,0,0.4375
Random_Forest,accuracy,CS_SHAP_Union,Full_42,0.9734449255706084,0.9749737331684404,-0.001528807597832138,-2.67997283820471,0.0625,0,0,5,0.4375
Random_Forest,accuracy,CS_SHAP_Union,Mutual_Information_19,0.9734449255706084,0.9689699614039435,0.004474964166664841,2.477162632475064,0.0625,5,0,0,0.4375
Random_Forest,accuracy,CS_SHAP_Union,Natural_Global_20,0.9734449255706084,0.9752285324269963,-0.0017836068563880092,-3.8817711989982895,0.0625,0,0,5,0.4375
Random_Forest,accuracy,CS_SHAP_Union,Random_Forest_Importance_19,0.9734449255706084,0.9689062604797588,0.00453866509084957,2.4332286368965583,0.0625,5,0,0,0.4375
Random_Forest,accuracy,CS_SHAP_Union,Stable_Balanced_Core,0.9734449255706084,0.9671226552084363,0.006322270362172189,3.3060016087627955,0.0625,5,0,0,0.4375
Random_Forest,accuracy,CS_SHAP_Union,Stable_Minority_Only,0.9734449255706084,0.9347228687395667,0.03872205683104155,1.8413749926785732,0.0625,5,0,0,0.4375
Random_Forest,macro_f1,CS_SHAP_Union,Class_Balanced_15,0.9537358653204799,0.9368400460865361,0.01689581923394399,2.2904912273845492,0.0625,5,0,0,0.4375
Random_Forest,macro_f1,CS_SHAP_Union,Full_42,0.9537358653204799,0.9552701236100452,-0.0015342582895650826,-2.644534849357177,0.0625,0,0,5,0.4375
Random_Forest,macro_f1,CS_SHAP_Union,Mutual_Information_19,0.9537358653204799,0.9382428406466566,0.015493024673823408,2.37742257899379,0.0625,5,0,0,0.4375
Random_Forest,macro_f1,CS_SHAP_Union,Natural_Global_20,0.9537358653204799,0.9555303662035962,-0.0017945008831162569,-3.83461435507125,0.0625,0,0,5,0.4375
Random_Forest,macro_f1,CS_SHAP_Union,Random_Forest_Importance_19,0.9537358653204799,0.9381762917087789,0.015559573611701216,2.3692712819527184,0.0625,5,0,0,0.4375
Random_Forest,macro_f1,CS_SHAP_Union,Stable_Balanced_Core,0.9537358653204799,0.936381827848634,0.01735403747184592,2.6245708945405037,0.0625,5,0,0,0.4375
Random_Forest,macro_f1,CS_SHAP_Union,Stable_Minority_Only,0.9537358653204799,0.9140772345410371,0.03965863077944305,1.7890239065106637,0.0625,5,0,0,0.4375
Random_Forest,balanced_accuracy,CS_SHAP_Union,Class_Balanced_15,0.966997301586952,0.96711809837681,-0.0001207967898579465,-0.07853928882500993,0.8125,2,0,3,1.0
Random_Forest,balanced_accuracy,CS_SHAP_Union,Full_42,0.966997301586952,0.9685474665446593,-0.0015501649577073008,-2.6720308465614395,0.0625,0,0,5,0.4375
Random_Forest,balanced_accuracy,CS_SHAP_Union,Mutual_Information_19,0.966997301586952,0.968536062661699,-0.001538761074746997,-1.7976049409009,0.0625,0,0,5,0.4375
Random_Forest,balanced_accuracy,CS_SHAP_Union,Natural_Global_20,0.966997301586952,0.9688110328035666,-0.0018137312166146558,-3.901312576376336,0.0625,0,0,5,0.4375
Random_Forest,balanced_accuracy,CS_SHAP_Union,Random_Forest_Importance_19,0.966997301586952,0.9684711810755662,-0.001473879488614105,-1.434940050099696,0.0625,0,0,5,0.4375
Random_Forest,balanced_accuracy,CS_SHAP_Union,Stable_Balanced_Core,0.966997301586952,0.9666577821434007,0.0003395194435512172,0.23744828504861742,0.6875,3,0,2,1.0
Random_Forest,balanced_accuracy,CS_SHAP_Union,Stable_Minority_Only,0.966997301586952,0.9280266948109024,0.0389706067760496,1.8002600926252814,0.0625,5,0,0,0.4375
Random_Forest,mcc,CS_SHAP_Union,Class_Balanced_15,0.9710760096223833,0.9649031474090227,0.006172862213360508,2.1613819686252245,0.0625,5,0,0,0.4375
Random_Forest,mcc,CS_SHAP_Union,Full_42,0.9710760096223833,0.9727591265684872,-0.001683116946103924,-2.6868996228958277,0.0625,0,0,5,0.4375
Random_Forest,mcc,CS_SHAP_Union,Mutual_Information_19,0.9710760096223833,0.9664357086097091,0.004640301012674208,2.420847041318569,0.0625,5,0,0,0.4375
Random_Forest,mcc,CS_SHAP_Union,Natural_Global_20,0.9710760096223833,0.9730371744515015,-0.0019611648291181006,-3.884993710051558,0.0625,0,0,5,0.4375
Random_Forest,mcc,CS_SHAP_Union,Random_Forest_Importance_19,0.9710760096223833,0.9663656979570943,0.004710311665289102,2.3805076690511946,0.0625,5,0,0,0.4375
Random_Forest,mcc,CS_SHAP_Union,Stable_Balanced_Core,0.9710760096223833,0.9644051546206965,0.006670855001686893,3.28583911021391,0.0625,5,0,0,0.4375
Random_Forest,mcc,CS_SHAP_Union,Stable_Minority_Only,0.9710760096223833,0.9288913201058046,0.042184689516578874,1.8447950999995424,0.0625,5,0,0,0.4375
Linear_Logistic_SGD_Scaled,accuracy,CS_SHAP_Union,Class_Balanced_15,0.7969153087176506,0.8025686295026766,-0.005653320785025962,-0.16186065063913443,0.75,3,0,2,0.9375
Linear_Logistic_SGD_Scaled,accuracy,CS_SHAP_Union,Full_42,0.7969153087176506,0.8290202254753589,-0.032104916757708345,-1.4340079532261025,0.0625,0,0,5,0.4375
Linear_Logistic_SGD_Scaled,accuracy,CS_SHAP_Union,Mutual_Information_19,0.7969153087176506,0.7746201954326639,0.02229511328498668,0.908566431962139,0.1875,4,0,1,0.9375
Linear_Logistic_SGD_Scaled,accuracy,CS_SHAP_Union,Natural_Global_20,0.7969153087176506,0.8137799132229333,-0.016864604505282665,-0.5449436659338658,0.25,2,0,3,0.9375
Linear_Logistic_SGD_Scaled,accuracy,CS_SHAP_Union,Random_Forest_Importance_19,0.7969153087176506,0.7773753998101529,0.019539908907497704,0.8067688962059076,0.1875,4,0,1,0.9375
Linear_Logistic_SGD_Scaled,accuracy,CS_SHAP_Union,Stable_Balanced_Core,0.7969153087176506,0.777398802666345,0.019516506051305636,0.6424743265985475,0.1875,4,0,1,0.9375
Linear_Logistic_SGD_Scaled,accuracy,CS_SHAP_Union,Stable_Minority_Only,0.7969153087176506,0.6082188226367105,0.1886964860809402,10.555597327515295,0.0625,5,0,0,0.4375
Linear_Logistic_SGD_Scaled,macro_f1,CS_SHAP_Union,Class_Balanced_15,0.740530375339927,0.7526841126782371,-0.012153737338310067,-0.2396995306982064,0.5625,2,0,3,1.0
Linear_Logistic_SGD_Scaled,macro_f1,CS_SHAP_Union,Full_42,0.740530375339927,0.7885097722283398,-0.047979396888412774,-1.2848965250357316,0.0625,0,0,5,0.4375
Linear_Logistic_SGD_Scaled,macro_f1,CS_SHAP_Union,Mutual_Information_19,0.740530375339927,0.7258650480729224,0.014665327267004601,0.3890797767785756,0.4375,4,0,1,1.0
Linear_Logistic_SGD_Scaled,macro_f1,CS_SHAP_Union,Natural_Global_20,0.740530375339927,0.7716382412012772,-0.031107865861350236,-0.6761619729559273,0.25,2,0,3,1.0
Linear_Logistic_SGD_Scaled,macro_f1,CS_SHAP_Union,Random_Forest_Importance_19,0.740530375339927,0.7283587753051657,0.01217160003476132,0.3271440928438623,0.5,3,0,2,1.0
Linear_Logistic_SGD_Scaled,macro_f1,CS_SHAP_Union,Stable_Balanced_Core,0.740530375339927,0.7188827236001524,0.0216476517397745,0.5494662914804543,0.3125,4,0,1,1.0
Linear_Logistic_SGD_Scaled,macro_f1,CS_SHAP_Union,Stable_Minority_Only,0.740530375339927,0.5503719102181901,0.190158465121737,7.255235396699501,0.0625,5,0,0,0.4375
Linear_Logistic_SGD_Scaled,balanced_accuracy,CS_SHAP_Union,Class_Balanced_15,0.758122968072689,0.7671286097672515,-0.009005641694562416,-0.22970065315930158,0.5625,2,0,3,0.9375
Linear_Logistic_SGD_Scaled,balanced_accuracy,CS_SHAP_Union,Full_42,0.758122968072689,0.80583499249434,-0.04771202442165099,-1.3967491627202968,0.0625,0,0,5,0.4375
Linear_Logistic_SGD_Scaled,balanced_accuracy,CS_SHAP_Union,Mutual_Information_19,0.758122968072689,0.7382218725040639,0.01990109556862505,0.7051760540354847,0.1875,4,0,1,0.9375
Linear_Logistic_SGD_Scaled,balanced_accuracy,CS_SHAP_Union,Natural_Global_20,0.758122968072689,0.7936214670497079,-0.035498498977018865,-0.8338523451382506,0.1875,1,0,4,0.9375
Linear_Logistic_SGD_Scaled,balanced_accuracy,CS_SHAP_Union,Random_Forest_Importance_19,0.758122968072689,0.7401177218671884,0.018005246205500657,0.6672103885813706,0.25,3,0,2,0.9375
Linear_Logistic_SGD_Scaled,balanced_accuracy,CS_SHAP_Union,Stable_Balanced_Core,0.758122968072689,0.7368516518052197,0.021271316267469233,0.5975595112995526,0.25,4,0,1,0.9375
Linear_Logistic_SGD_Scaled,balanced_accuracy,CS_SHAP_Union,Stable_Minority_Only,0.758122968072689,0.5772958171985312,0.18082715087415785,11.798902952648907,0.0625,5,0,0,0.4375
Linear_Logistic_SGD_Scaled,mcc,CS_SHAP_Union,Class_Balanced_15,0.7802532382691616,0.7866364202788333,-0.006383182009671762,-0.1748361942329351,0.6875,2,0,3,0.75
Linear_Logistic_SGD_Scaled,mcc,CS_SHAP_Union,Full_42,0.7802532382691616,0.8143859962058657,-0.034132757936704096,-1.479865059658581,0.0625,0,0,5,0.4375
Linear_Logistic_SGD_Scaled,mcc,CS_SHAP_Union,Mutual_Information_19,0.7802532382691616,0.7557036767622003,0.024549561506961193,0.9747077663246096,0.125,4,0,1,0.625
Linear_Logistic_SGD_Scaled,mcc,CS_SHAP_Union,Natural_Global_20,0.7802532382691616,0.7984898072990502,-0.018236569029888527,-0.5605710016292654,0.25,2,0,3,0.75
Linear_Logistic_SGD_Scaled,mcc,CS_SHAP_Union,Random_Forest_Importance_19,0.7802532382691616,0.7585618015609896,0.02169143670817193,0.8636949708820161,0.1875,4,0,1,0.75
Linear_Logistic_SGD_Scaled,mcc,CS_SHAP_Union,Stable_Balanced_Core,0.7802532382691616,0.7597229568094249,0.020530281459736587,0.6384696589069779,0.1875,4,0,1,0.75
Linear_Logistic_SGD_Scaled,mcc,CS_SHAP_Union,Stable_Minority_Only,0.7802532382691616,0.5747576066083028,0.20549563166085888,11.348629940463583,0.0625,5,0,0,0.4375
