fold,method,feature,importance,rank
1,Natural_Global,arp.hw.size,0.007841997,25
1,Natural_Global,arp.opcode,0.034934595,19
1,Natural_Global,dns.qry.name,0.02687655,20
1,Natural_Global,dns.qry.name.len,0.0001741357,32
1,Natural_Global,dns.qry.qu,0.0,33
1,Natural_Global,dns.retransmission,0.0,33
1,Natural_Global,dns.retransmit_request,0.0,33
1,Natural_Global,http.content_length,0.018708134,21
1,Natural_Global,http.referer,1.1679096,1
1,Natural_Global,http.request.method,0.72521526,3
1,Natural_Global,http.request.version,0.6072199,4
1,Natural_Global,http.response,0.0004923904,29
1,Natural_Global,icmp.checksum,0.37305352,8
1,Natural_Global,icmp.seq_le,0.16690904,11
1,Natural_Global,icmp.transmit_timestamp,0.0008302073,28
1,Natural_Global,mqtt.conack.flags,0.41474113,7
1,Natural_Global,mqtt.conflag.cleansess,0.0,33
1,Natural_Global,mqtt.conflags,0.0,33
1,Natural_Global,mqtt.hdrflags,0.00037353477,31
1,Natural_Global,mqtt.len,0.0,33
1,Natural_Global,mqtt.msgtype,0.0,33
1,Natural_Global,mqtt.proto_len,0.0,33
1,Natural_Global,mqtt.protoname,0.092432894,16
1,Natural_Global,mqtt.topic,0.013812438,22
1,Natural_Global,mqtt.topic_len,0.0,33
1,Natural_Global,mqtt.ver,0.0,33
1,Natural_Global,tcp.ack,0.4853649,6
1,Natural_Global,tcp.ack_raw,0.13869022,13
1,Natural_Global,tcp.checksum,0.10382354,15
1,Natural_Global,tcp.connection.fin,0.013511538,23
1,Natural_Global,tcp.connection.rst,0.052834935,17
1,Natural_Global,tcp.connection.syn,0.04715006,18
1,Natural_Global,tcp.connection.synack,0.007894421,24
1,Natural_Global,tcp.dstport,0.56286013,5
1,Natural_Global,tcp.flags,0.19878972,10
1,Natural_Global,tcp.flags.ack,0.0020003684,27
1,Natural_Global,tcp.len,0.13278487,14
1,Natural_Global,tcp.seq,0.15418978,12
1,Natural_Global,tcp.srcport,0.92210233,2
1,Natural_Global,udp.port,0.0004674197,30
1,Natural_Global,udp.stream,0.3025112,9
1,Natural_Global,udp.time_delta,0.0025146184,26
1,Class_Balanced,arp.hw.size,0.0070755286,28
1,Class_Balanced,arp.opcode,0.024231058,23
1,Class_Balanced,dns.qry.name,0.061334535,21
1,Class_Balanced,dns.qry.name.len,0.002506013,29
1,Class_Balanced,dns.qry.qu,0.0,33
1,Class_Balanced,dns.retransmission,0.0,33
1,Class_Balanced,dns.retransmit_request,0.0,33
1,Class_Balanced,http.content_length,0.06287993,20
1,Class_Balanced,http.referer,0.731212,4
1,Class_Balanced,http.request.method,0.40408424,8
1,Class_Balanced,http.request.version,0.328341,10
1,Class_Balanced,http.response,0.0008089897,31
1,Class_Balanced,icmp.checksum,0.2556846,12
1,Class_Balanced,icmp.seq_le,0.38453585,9
1,Class_Balanced,icmp.transmit_timestamp,0.0074201724,27
1,Class_Balanced,mqtt.conack.flags,0.41779393,7
1,Class_Balanced,mqtt.conflag.cleansess,0.0,33
1,Class_Balanced,mqtt.conflags,0.0,33
1,Class_Balanced,mqtt.hdrflags,0.00050521677,32
1,Class_Balanced,mqtt.len,0.0,33
1,Class_Balanced,mqtt.msgtype,0.0,33
1,Class_Balanced,mqtt.proto_len,0.0,33
1,Class_Balanced,mqtt.protoname,0.091966264,19
1,Class_Balanced,mqtt.topic,0.013879075,25
1,Class_Balanced,mqtt.topic_len,0.0,33
1,Class_Balanced,mqtt.ver,0.0,33
1,Class_Balanced,tcp.ack,0.86981577,1
1,Class_Balanced,tcp.ack_raw,0.1842546,14
1,Class_Balanced,tcp.checksum,0.10363258,18
1,Class_Balanced,tcp.connection.fin,0.029511789,22
1,Class_Balanced,tcp.connection.rst,0.106028564,17
1,Class_Balanced,tcp.connection.syn,0.11953262,15
1,Class_Balanced,tcp.connection.synack,0.012088333,26
1,Class_Balanced,tcp.dstport,0.8662902,2
1,Class_Balanced,tcp.flags,0.21630181,13
1,Class_Balanced,tcp.flags.ack,0.00183729,30
1,Class_Balanced,tcp.len,0.6273117,5
1,Class_Balanced,tcp.seq,0.2954665,11
1,Class_Balanced,tcp.srcport,0.8614699,3
1,Class_Balanced,udp.port,0.023442142,24
1,Class_Balanced,udp.stream,0.44201753,6
1,Class_Balanced,udp.time_delta,0.108170964,16
1,Minority_Diagnostic,arp.hw.size,0.0034378567,23
1,Minority_Diagnostic,arp.opcode,0.021922354,14
1,Minority_Diagnostic,dns.qry.name,0.0005854907,25
1,Minority_Diagnostic,dns.qry.name.len,0.017835926,17
1,Minority_Diagnostic,dns.qry.qu,0.0,27
1,Minority_Diagnostic,dns.retransmission,0.0,27
1,Minority_Diagnostic,dns.retransmit_request,0.0,27
1,Minority_Diagnostic,http.content_length,0.0,27
1,Minority_Diagnostic,http.referer,0.0213468,15
1,Minority_Diagnostic,http.request.method,0.28289077,8
1,Minority_Diagnostic,http.request.version,0.43934166,7
1,Minority_Diagnostic,http.response,0.0,27
1,Minority_Diagnostic,icmp.checksum,0.55757433,5
1,Minority_Diagnostic,icmp.seq_le,0.52425706,6
1,Minority_Diagnostic,icmp.transmit_timestamp,0.05491056,11
1,Minority_Diagnostic,mqtt.conack.flags,0.006618897,22
1,Minority_Diagnostic,mqtt.conflag.cleansess,0.0,27
1,Minority_Diagnostic,mqtt.conflags,0.0,27
1,Minority_Diagnostic,mqtt.hdrflags,0.0,27
1,Minority_Diagnostic,mqtt.len,0.0,27
1,Minority_Diagnostic,mqtt.msgtype,0.0,27
1,Minority_Diagnostic,mqtt.proto_len,0.0,27
1,Minority_Diagnostic,mqtt.protoname,3.601951e-05,26
1,Minority_Diagnostic,mqtt.topic,0.0,27
1,Minority_Diagnostic,mqtt.topic_len,0.0,27
1,Minority_Diagnostic,mqtt.ver,0.0,27
1,Minority_Diagnostic,tcp.ack,0.022252275,13
1,Minority_Diagnostic,tcp.ack_raw,0.008403509,20
1,Minority_Diagnostic,tcp.checksum,0.013707851,19
1,Minority_Diagnostic,tcp.connection.fin,0.0,27
1,Minority_Diagnostic,tcp.connection.rst,0.019060262,16
1,Minority_Diagnostic,tcp.connection.syn,0.02621362,12
1,Minority_Diagnostic,tcp.connection.synack,0.0,27
1,Minority_Diagnostic,tcp.dstport,0.5962459,4
1,Minority_Diagnostic,tcp.flags,0.22688343,9
1,Minority_Diagnostic,tcp.flags.ack,0.0012376411,24
1,Minority_Diagnostic,tcp.len,3.2469218,1
1,Minority_Diagnostic,tcp.seq,0.008373906,21
1,Minority_Diagnostic,tcp.srcport,1.4353958,2
1,Minority_Diagnostic,udp.port,0.17512275,10
1,Minority_Diagnostic,udp.stream,0.016401298,18
1,Minority_Diagnostic,udp.time_delta,0.8112822,3
2,Natural_Global,arp.hw.size,0.008063144,25
2,Natural_Global,arp.opcode,0.037913885,19
2,Natural_Global,dns.qry.name,0.02193459,20
2,Natural_Global,dns.qry.name.len,0.00015418966,32
2,Natural_Global,dns.qry.qu,0.0,33
2,Natural_Global,dns.retransmission,0.0,33
2,Natural_Global,dns.retransmit_request,0.0,33
2,Natural_Global,http.content_length,0.018595476,21
2,Natural_Global,http.referer,1.1600395,1
2,Natural_Global,http.request.method,0.7231669,3
2,Natural_Global,http.request.version,0.5907212,4
2,Natural_Global,http.response,0.00056669104,30
2,Natural_Global,icmp.checksum,0.36058903,8
2,Natural_Global,icmp.seq_le,0.17792752,11
2,Natural_Global,icmp.transmit_timestamp,0.00074913545,28
2,Natural_Global,mqtt.conack.flags,0.41252214,7
2,Natural_Global,mqtt.conflag.cleansess,0.0,33
2,Natural_Global,mqtt.conflags,0.0,33
2,Natural_Global,mqtt.hdrflags,0.00038079696,31
2,Natural_Global,mqtt.len,0.0,33
2,Natural_Global,mqtt.msgtype,0.0,33
2,Natural_Global,mqtt.proto_len,0.0,33
2,Natural_Global,mqtt.protoname,0.09394803,16
2,Natural_Global,mqtt.topic,0.0135027245,22
2,Natural_Global,mqtt.topic_len,0.0,33
2,Natural_Global,mqtt.ver,0.0,33
2,Natural_Global,tcp.ack,0.49605885,6
2,Natural_Global,tcp.ack_raw,0.14649802,13
2,Natural_Global,tcp.checksum,0.10225393,15
2,Natural_Global,tcp.connection.fin,0.010342839,24
2,Natural_Global,tcp.connection.rst,0.0519498,18
2,Natural_Global,tcp.connection.syn,0.054738186,17
2,Natural_Global,tcp.connection.synack,0.011404362,23
2,Natural_Global,tcp.dstport,0.5758693,5
2,Natural_Global,tcp.flags,0.17877108,10
2,Natural_Global,tcp.flags.ack,0.003116242,26
2,Natural_Global,tcp.len,0.15068987,12
2,Natural_Global,tcp.seq,0.14226836,14
2,Natural_Global,tcp.srcport,0.92491215,2
2,Natural_Global,udp.port,0.00074377115,29
2,Natural_Global,udp.stream,0.3107429,9
2,Natural_Global,udp.time_delta,0.00212626,27
2,Class_Balanced,arp.hw.size,0.0039557917,28
2,Class_Balanced,arp.opcode,0.023627859,24
2,Class_Balanced,dns.qry.name,0.051409718,22
2,Class_Balanced,dns.qry.name.len,0.0027473222,30
2,Class_Balanced,dns.qry.qu,0.0,33
2,Class_Balanced,dns.retransmission,0.0,33
2,Class_Balanced,dns.retransmit_request,0.0,33
2,Class_Balanced,http.content_length,0.06707673,21
2,Class_Balanced,http.referer,0.7338087,4
2,Class_Balanced,http.request.method,0.39103666,9
2,Class_Balanced,http.request.version,0.31264797,10
2,Class_Balanced,http.response,0.0012674464,31
2,Class_Balanced,icmp.checksum,0.26345515,12
2,Class_Balanced,icmp.seq_le,0.39416522,8
2,Class_Balanced,icmp.transmit_timestamp,0.0065077534,27
2,Class_Balanced,mqtt.conack.flags,0.41611522,7
2,Class_Balanced,mqtt.conflag.cleansess,0.0,33
2,Class_Balanced,mqtt.conflags,0.0,33
2,Class_Balanced,mqtt.hdrflags,0.0004009448,32
2,Class_Balanced,mqtt.len,0.0,33
2,Class_Balanced,mqtt.msgtype,0.0,33
2,Class_Balanced,mqtt.proto_len,0.0,33
2,Class_Balanced,mqtt.protoname,0.094285734,18
2,Class_Balanced,mqtt.topic,0.014032209,26
2,Class_Balanced,mqtt.topic_len,0.0,33
2,Class_Balanced,mqtt.ver,0.0,33
2,Class_Balanced,tcp.ack,0.89704794,2
2,Class_Balanced,tcp.ack_raw,0.1739728,14
2,Class_Balanced,tcp.checksum,0.10749892,16
2,Class_Balanced,tcp.connection.fin,0.02476777,23
2,Class_Balanced,tcp.connection.rst,0.10551693,17
2,Class_Balanced,tcp.connection.syn,0.12531707,15
2,Class_Balanced,tcp.connection.synack,0.017179148,25
2,Class_Balanced,tcp.dstport,0.9014226,1
2,Class_Balanced,tcp.flags,0.20756134,13
2,Class_Balanced,tcp.flags.ack,0.003371235,29
2,Class_Balanced,tcp.len,0.71432835,5
2,Class_Balanced,tcp.seq,0.28095198,11
2,Class_Balanced,tcp.srcport,0.8406127,3
2,Class_Balanced,udp.port,0.07216813,19
2,Class_Balanced,udp.stream,0.45711747,6
2,Class_Balanced,udp.time_delta,0.06804608,20
2,Minority_Diagnostic,arp.hw.size,0.00329708,22
2,Minority_Diagnostic,arp.opcode,0.044358008,12
2,Minority_Diagnostic,dns.qry.name,0.00068253325,25
2,Minority_Diagnostic,dns.qry.name.len,0.01996396,17
2,Minority_Diagnostic,dns.qry.qu,0.0,27
2,Minority_Diagnostic,dns.retransmission,0.0,27
2,Minority_Diagnostic,dns.retransmit_request,0.0,27
2,Minority_Diagnostic,http.content_length,0.0,27
2,Minority_Diagnostic,http.referer,0.0027372288,23
2,Minority_Diagnostic,http.request.method,0.1830097,10
2,Minority_Diagnostic,http.request.version,0.33679932,8
2,Minority_Diagnostic,http.response,0.0,27
2,Minority_Diagnostic,icmp.checksum,0.6044438,3
2,Minority_Diagnostic,icmp.seq_le,0.52574146,6
2,Minority_Diagnostic,icmp.transmit_timestamp,0.048219692,11
2,Minority_Diagnostic,mqtt.conack.flags,0.0057366937,21
2,Minority_Diagnostic,mqtt.conflag.cleansess,0.0,27
2,Minority_Diagnostic,mqtt.conflags,0.0,27
2,Minority_Diagnostic,mqtt.hdrflags,0.0,27
2,Minority_Diagnostic,mqtt.len,0.0,27
2,Minority_Diagnostic,mqtt.msgtype,0.0,27
2,Minority_Diagnostic,mqtt.proto_len,0.0,27
2,Minority_Diagnostic,mqtt.protoname,2.677528e-05,26
2,Minority_Diagnostic,mqtt.topic,0.0,27
2,Minority_Diagnostic,mqtt.topic_len,0.0,27
2,Minority_Diagnostic,mqtt.ver,0.0,27
2,Minority_Diagnostic,tcp.ack,0.023903953,16
2,Minority_Diagnostic,tcp.ack_raw,0.032472283,13
2,Minority_Diagnostic,tcp.checksum,0.032362998,14
2,Minority_Diagnostic,tcp.connection.fin,0.0,27
2,Minority_Diagnostic,tcp.connection.rst,0.016736634,19
2,Minority_Diagnostic,tcp.connection.syn,0.031021902,15
2,Minority_Diagnostic,tcp.connection.synack,0.0,27
2,Minority_Diagnostic,tcp.dstport,0.58685964,4
2,Minority_Diagnostic,tcp.flags,0.2576896,9
2,Minority_Diagnostic,tcp.flags.ack,0.001325039,24
2,Minority_Diagnostic,tcp.len,3.6093395,1
2,Minority_Diagnostic,tcp.seq,0.010020552,20
2,Minority_Diagnostic,tcp.srcport,1.3652868,2
2,Minority_Diagnostic,udp.port,0.54069144,5
2,Minority_Diagnostic,udp.stream,0.018368606,18
2,Minority_Diagnostic,udp.time_delta,0.5103456,7
3,Natural_Global,arp.hw.size,0.0073347627,25
3,Natural_Global,arp.opcode,0.03740536,19
3,Natural_Global,dns.qry.name,0.023477696,20
3,Natural_Global,dns.qry.name.len,0.00012149253,33
3,Natural_Global,dns.qry.qu,0.0,34
3,Natural_Global,dns.retransmission,0.0,34
3,Natural_Global,dns.retransmit_request,0.0,34
3,Natural_Global,http.content_length,0.011630333,23
3,Natural_Global,http.referer,1.1625134,1
3,Natural_Global,http.request.method,0.7650994,3
3,Natural_Global,http.request.version,0.5848445,4
3,Natural_Global,http.response,0.0010142957,28
3,Natural_Global,icmp.checksum,0.41832685,7
3,Natural_Global,icmp.seq_le,0.19479342,10
3,Natural_Global,icmp.transmit_timestamp,0.0007771827,29
3,Natural_Global,mqtt.conack.flags,0.39033818,8
3,Natural_Global,mqtt.conflag.cleansess,0.00034316131,31
3,Natural_Global,mqtt.conflags,0.00021458167,32
3,Natural_Global,mqtt.hdrflags,0.0,34
3,Natural_Global,mqtt.len,0.0,34
3,Natural_Global,mqtt.msgtype,0.0,34
3,Natural_Global,mqtt.proto_len,0.0,34
3,Natural_Global,mqtt.protoname,0.110740855,15
3,Natural_Global,mqtt.topic,0.012618327,22
3,Natural_Global,mqtt.topic_len,0.0,34
3,Natural_Global,mqtt.ver,0.0,34
3,Natural_Global,tcp.ack,0.48976582,6
3,Natural_Global,tcp.ack_raw,0.1450539,13
3,Natural_Global,tcp.checksum,0.09652698,16
3,Natural_Global,tcp.connection.fin,0.013805218,21
3,Natural_Global,tcp.connection.rst,0.052139904,17
3,Natural_Global,tcp.connection.syn,0.048138343,18
3,Natural_Global,tcp.connection.synack,0.007850981,24
3,Natural_Global,tcp.dstport,0.5700721,5
3,Natural_Global,tcp.flags,0.19461283,11
3,Natural_Global,tcp.flags.ack,0.0039541963,26
3,Natural_Global,tcp.len,0.14006458,14
3,Natural_Global,tcp.seq,0.14904337,12
3,Natural_Global,tcp.srcport,0.90609634,2
3,Natural_Global,udp.port,0.00040539174,30
3,Natural_Global,udp.stream,0.30344135,9
3,Natural_Global,udp.time_delta,0.0015293596,27
3,Class_Balanced,arp.hw.size,0.004203061,29
3,Class_Balanced,arp.opcode,0.030895656,22
3,Class_Balanced,dns.qry.name,0.052899785,19
3,Class_Balanced,dns.qry.name.len,0.0024460254,30
3,Class_Balanced,dns.qry.qu,0.0,34
3,Class_Balanced,dns.retransmission,0.0,34
3,Class_Balanced,dns.retransmit_request,0.0,34
3,Class_Balanced,http.content_length,0.0349972,21
3,Class_Balanced,http.referer,0.75759524,4
3,Class_Balanced,http.request.method,0.39223456,8
3,Class_Balanced,http.request.version,0.3319266,10
3,Class_Balanced,http.response,0.00078932,31
3,Class_Balanced,icmp.checksum,0.29260525,11
3,Class_Balanced,icmp.seq_le,0.35595232,9
3,Class_Balanced,icmp.transmit_timestamp,0.011436264,26
3,Class_Balanced,mqtt.conack.flags,0.40820527,7
3,Class_Balanced,mqtt.conflag.cleansess,0.00043517165,32
3,Class_Balanced,mqtt.conflags,0.00038903157,33
3,Class_Balanced,mqtt.hdrflags,0.0,34
3,Class_Balanced,mqtt.len,0.0,34
3,Class_Balanced,mqtt.msgtype,0.0,34
3,Class_Balanced,mqtt.proto_len,0.0,34
3,Class_Balanced,mqtt.protoname,0.10745214,15
3,Class_Balanced,mqtt.topic,0.012329003,24
3,Class_Balanced,mqtt.topic_len,0.0,34
3,Class_Balanced,mqtt.ver,0.0,34
3,Class_Balanced,tcp.ack,0.9000919,1
3,Class_Balanced,tcp.ack_raw,0.195487,14
3,Class_Balanced,tcp.checksum,0.09602551,18
3,Class_Balanced,tcp.connection.fin,0.030539976,23
3,Class_Balanced,tcp.connection.rst,0.102876276,17
3,Class_Balanced,tcp.connection.syn,0.10692701,16
3,Class_Balanced,tcp.connection.synack,0.011784999,25
3,Class_Balanced,tcp.dstport,0.8539599,3
3,Class_Balanced,tcp.flags,0.22949919,13
3,Class_Balanced,tcp.flags.ack,0.004756421,28
3,Class_Balanced,tcp.len,0.7300187,5
3,Class_Balanced,tcp.seq,0.28347382,12
3,Class_Balanced,tcp.srcport,0.8641401,2
3,Class_Balanced,udp.port,0.010364998,27
3,Class_Balanced,udp.stream,0.43969458,6
3,Class_Balanced,udp.time_delta,0.042393465,20
3,Minority_Diagnostic,arp.hw.size,0.0067169443,22
3,Minority_Diagnostic,arp.opcode,0.046691857,12
3,Minority_Diagnostic,dns.qry.name,0.0017598221,24
3,Minority_Diagnostic,dns.qry.name.len,0.01834519,17
3,Minority_Diagnostic,dns.qry.qu,0.0,27
3,Minority_Diagnostic,dns.retransmission,0.0,27
3,Minority_Diagnostic,dns.retransmit_request,0.0,27
3,Minority_Diagnostic,http.content_length,0.0,27
3,Minority_Diagnostic,http.referer,0.012157213,20
3,Minority_Diagnostic,http.request.method,0.24916932,8
3,Minority_Diagnostic,http.request.version,0.4096043,6
3,Minority_Diagnostic,http.response,0.0,27
3,Minority_Diagnostic,icmp.checksum,0.5481081,3
3,Minority_Diagnostic,icmp.seq_le,0.45076743,5
3,Minority_Diagnostic,icmp.transmit_timestamp,0.08485657,10
3,Minority_Diagnostic,mqtt.conack.flags,0.003920858,23
3,Minority_Diagnostic,mqtt.conflag.cleansess,0.0,27
3,Minority_Diagnostic,mqtt.conflags,0.0,27
3,Minority_Diagnostic,mqtt.hdrflags,0.0,27
3,Minority_Diagnostic,mqtt.len,0.0,27
3,Minority_Diagnostic,mqtt.msgtype,0.0,27
3,Minority_Diagnostic,mqtt.proto_len,0.0,27
3,Minority_Diagnostic,mqtt.protoname,0.00041547566,25
3,Minority_Diagnostic,mqtt.topic,0.0,27
3,Minority_Diagnostic,mqtt.topic_len,0.0,27
3,Minority_Diagnostic,mqtt.ver,0.0,27
3,Minority_Diagnostic,tcp.ack,0.022500379,16
3,Minority_Diagnostic,tcp.ack_raw,0.03390559,14
3,Minority_Diagnostic,tcp.checksum,0.013499812,19
3,Minority_Diagnostic,tcp.connection.fin,0.0,27
3,Minority_Diagnostic,tcp.connection.rst,0.017224971,18
3,Minority_Diagnostic,tcp.connection.syn,0.038540717,13
3,Minority_Diagnostic,tcp.connection.synack,0.0,27
3,Minority_Diagnostic,tcp.dstport,0.5477729,4
3,Minority_Diagnostic,tcp.flags,0.244777,9
3,Minority_Diagnostic,tcp.flags.ack,0.00030191164,26
3,Minority_Diagnostic,tcp.len,3.845367,1
3,Minority_Diagnostic,tcp.seq,0.008769549,21
3,Minority_Diagnostic,tcp.srcport,1.4556818,2
3,Minority_Diagnostic,udp.port,0.07745788,11
3,Minority_Diagnostic,udp.stream,0.025097039,15
3,Minority_Diagnostic,udp.time_delta,0.31790403,7
4,Natural_Global,arp.hw.size,0.0070597003,24
4,Natural_Global,arp.opcode,0.04422658,19
4,Natural_Global,dns.qry.name,0.024425164,20
4,Natural_Global,dns.qry.name.len,0.00012594752,33
4,Natural_Global,dns.qry.qu,0.0,34
4,Natural_Global,dns.retransmission,0.0,34
4,Natural_Global,dns.retransmit_request,0.0,34
4,Natural_Global,http.content_length,0.01268184,22
4,Natural_Global,http.referer,1.1636143,1
4,Natural_Global,http.request.method,0.74288875,3
4,Natural_Global,http.request.version,0.5807409,4
4,Natural_Global,http.response,0.0008319607,28
4,Natural_Global,icmp.checksum,0.36556566,8
4,Natural_Global,icmp.seq_le,0.17530756,11
4,Natural_Global,icmp.transmit_timestamp,0.00082211674,29
4,Natural_Global,mqtt.conack.flags,0.3958705,7
4,Natural_Global,mqtt.conflag.cleansess,0.0,34
4,Natural_Global,mqtt.conflags,0.00021620546,32
4,Natural_Global,mqtt.hdrflags,0.0003730668,30
4,Natural_Global,mqtt.len,0.0,34
4,Natural_Global,mqtt.msgtype,0.0,34
4,Natural_Global,mqtt.proto_len,0.0,34
4,Natural_Global,mqtt.protoname,0.10584447,16
4,Natural_Global,mqtt.topic,0.016302427,21
4,Natural_Global,mqtt.topic_len,0.0,34
4,Natural_Global,mqtt.ver,0.0,34
4,Natural_Global,tcp.ack,0.49738187,6
4,Natural_Global,tcp.ack_raw,0.13202189,14
4,Natural_Global,tcp.checksum,0.11229826,15
4,Natural_Global,tcp.connection.fin,0.010808698,23
4,Natural_Global,tcp.connection.rst,0.05264356,17
4,Natural_Global,tcp.connection.syn,0.046993945,18
4,Natural_Global,tcp.connection.synack,0.0068485667,25
4,Natural_Global,tcp.dstport,0.5746907,5
4,Natural_Global,tcp.flags,0.20334953,10
4,Natural_Global,tcp.flags.ack,0.0047388477,26
4,Natural_Global,tcp.len,0.14052528,13
4,Natural_Global,tcp.seq,0.14165857,12
4,Natural_Global,tcp.srcport,0.936511,2
4,Natural_Global,udp.port,0.0015227067,27
4,Natural_Global,udp.stream,0.29401186,9
4,Natural_Global,udp.time_delta,0.00037000715,31
4,Class_Balanced,arp.hw.size,0.0060568047,28
4,Class_Balanced,arp.opcode,0.029723262,22
4,Class_Balanced,dns.qry.name,0.055602007,19
4,Class_Balanced,dns.qry.name.len,0.0025331108,30
4,Class_Balanced,dns.qry.qu,0.0,34
4,Class_Balanced,dns.retransmission,0.0,34
4,Class_Balanced,dns.retransmit_request,0.0,34
4,Class_Balanced,http.content_length,0.039296117,21
4,Class_Balanced,http.referer,0.7479478,4
4,Class_Balanced,http.request.method,0.3889493,8
4,Class_Balanced,http.request.version,0.33470926,10
4,Class_Balanced,http.response,0.0010280812,31
4,Class_Balanced,icmp.checksum,0.29981676,11
4,Class_Balanced,icmp.seq_le,0.34258407,9
4,Class_Balanced,icmp.transmit_timestamp,0.0078123314,27
4,Class_Balanced,mqtt.conack.flags,0.4089614,7
4,Class_Balanced,mqtt.conflag.cleansess,0.0,34
4,Class_Balanced,mqtt.conflags,0.00024896284,33
4,Class_Balanced,mqtt.hdrflags,0.00040977728,32
4,Class_Balanced,mqtt.len,0.0,34
4,Class_Balanced,mqtt.msgtype,0.0,34
4,Class_Balanced,mqtt.proto_len,0.0,34
4,Class_Balanced,mqtt.protoname,0.102426074,15
4,Class_Balanced,mqtt.topic,0.014659825,24
4,Class_Balanced,mqtt.topic_len,0.0,34
4,Class_Balanced,mqtt.ver,0.0,34
4,Class_Balanced,tcp.ack,0.89319813,3
4,Class_Balanced,tcp.ack_raw,0.17206025,14
4,Class_Balanced,tcp.checksum,0.10218473,16
4,Class_Balanced,tcp.connection.fin,0.026265657,23
4,Class_Balanced,tcp.connection.rst,0.10193583,17
4,Class_Balanced,tcp.connection.syn,0.09837392,18
4,Class_Balanced,tcp.connection.synack,0.011429158,26
4,Class_Balanced,tcp.dstport,0.9000518,2
4,Class_Balanced,tcp.flags,0.22903985,13
4,Class_Balanced,tcp.flags.ack,0.004743736,29
4,Class_Balanced,tcp.len,0.7447695,5
4,Class_Balanced,tcp.seq,0.26711622,12
4,Class_Balanced,tcp.srcport,0.91494054,1
4,Class_Balanced,udp.port,0.047460567,20
4,Class_Balanced,udp.stream,0.42573252,6
4,Class_Balanced,udp.time_delta,0.012983554,25
4,Minority_Diagnostic,arp.hw.size,0.0064531737,21
4,Minority_Diagnostic,arp.opcode,0.049028106,12
4,Minority_Diagnostic,dns.qry.name,0.0015351775,23
4,Minority_Diagnostic,dns.qry.name.len,0.01899833,19
4,Minority_Diagnostic,dns.qry.qu,0.0,26
4,Minority_Diagnostic,dns.retransmission,0.0,26
4,Minority_Diagnostic,dns.retransmit_request,0.0,26
4,Minority_Diagnostic,http.content_length,0.0,26
4,Minority_Diagnostic,http.referer,0.008217621,20
4,Minority_Diagnostic,http.request.method,0.22958219,9
4,Minority_Diagnostic,http.request.version,0.37143928,6
4,Minority_Diagnostic,http.response,0.0,26
4,Minority_Diagnostic,icmp.checksum,0.56707275,4
4,Minority_Diagnostic,icmp.seq_le,0.4040525,5
4,Minority_Diagnostic,icmp.transmit_timestamp,0.057697408,11
4,Minority_Diagnostic,mqtt.conack.flags,0.004818801,22
4,Minority_Diagnostic,mqtt.conflag.cleansess,0.0,26
4,Minority_Diagnostic,mqtt.conflags,0.0,26
4,Minority_Diagnostic,mqtt.hdrflags,0.0,26
4,Minority_Diagnostic,mqtt.len,0.0,26
4,Minority_Diagnostic,mqtt.msgtype,0.0,26
4,Minority_Diagnostic,mqtt.proto_len,0.0,26
4,Minority_Diagnostic,mqtt.protoname,0.0005206549,25
4,Minority_Diagnostic,mqtt.topic,0.0,26
4,Minority_Diagnostic,mqtt.topic_len,0.0,26
4,Minority_Diagnostic,mqtt.ver,0.0,26
4,Minority_Diagnostic,tcp.ack,0.029521143,15
4,Minority_Diagnostic,tcp.ack_raw,0.035341583,14
4,Minority_Diagnostic,tcp.checksum,0.01932436,18
4,Minority_Diagnostic,tcp.connection.fin,0.0,26
4,Minority_Diagnostic,tcp.connection.rst,0.021159556,17
4,Minority_Diagnostic,tcp.connection.syn,0.046197437,13
4,Minority_Diagnostic,tcp.connection.synack,0.0,26
4,Minority_Diagnostic,tcp.dstport,0.6878394,3
4,Minority_Diagnostic,tcp.flags,0.27170584,8
4,Minority_Diagnostic,tcp.flags.ack,0.00054170715,24
4,Minority_Diagnostic,tcp.len,3.9773886,1
4,Minority_Diagnostic,tcp.seq,0.0,26
4,Minority_Diagnostic,tcp.srcport,1.5409154,2
4,Minority_Diagnostic,udp.port,0.3557323,7
4,Minority_Diagnostic,udp.stream,0.022416359,16
4,Minority_Diagnostic,udp.time_delta,0.09736332,10
5,Natural_Global,arp.hw.size,0.0071051894,25
5,Natural_Global,arp.opcode,0.040291816,19
5,Natural_Global,dns.qry.name,0.02793248,20
5,Natural_Global,dns.qry.name.len,0.0,31
5,Natural_Global,dns.qry.qu,0.0,31
5,Natural_Global,dns.retransmission,0.0,31
5,Natural_Global,dns.retransmit_request,0.0,31
5,Natural_Global,http.content_length,0.022143949,21
5,Natural_Global,http.referer,1.1555419,1
5,Natural_Global,http.request.method,0.75406903,3
5,Natural_Global,http.request.version,0.60053706,5
5,Natural_Global,http.response,0.00070106576,30
5,Natural_Global,icmp.checksum,0.36103436,8
5,Natural_Global,icmp.seq_le,0.17501119,10
5,Natural_Global,icmp.transmit_timestamp,0.0008276003,28
5,Natural_Global,mqtt.conack.flags,0.39119953,7
5,Natural_Global,mqtt.conflag.cleansess,0.0,31
5,Natural_Global,mqtt.conflags,0.0,31
5,Natural_Global,mqtt.hdrflags,0.0,31
5,Natural_Global,mqtt.len,0.0,31
5,Natural_Global,mqtt.msgtype,0.0,31
5,Natural_Global,mqtt.proto_len,0.0,31
5,Natural_Global,mqtt.protoname,0.10682595,15
5,Natural_Global,mqtt.topic,0.017543996,22
5,Natural_Global,mqtt.topic_len,0.0,31
5,Natural_Global,mqtt.ver,0.0,31
5,Natural_Global,tcp.ack,0.49103597,6
5,Natural_Global,tcp.ack_raw,0.13600977,11
5,Natural_Global,tcp.checksum,0.10372759,16
5,Natural_Global,tcp.connection.fin,0.011273448,23
5,Natural_Global,tcp.connection.rst,0.052321672,18
5,Natural_Global,tcp.connection.syn,0.059451047,17
5,Natural_Global,tcp.connection.synack,0.009492357,24
5,Natural_Global,tcp.dstport,0.63716865,4
5,Natural_Global,tcp.flags,0.110354066,14
5,Natural_Global,tcp.flags.ack,0.0046669627,26
5,Natural_Global,tcp.len,0.1344819,12
5,Natural_Global,tcp.seq,0.13010937,13
5,Natural_Global,tcp.srcport,0.93252885,2
5,Natural_Global,udp.port,0.0007419388,29
5,Natural_Global,udp.stream,0.2905451,9
5,Natural_Global,udp.time_delta,0.0018463919,27
5,Class_Balanced,arp.hw.size,0.004329083,29
5,Class_Balanced,arp.opcode,0.025366746,24
5,Class_Balanced,dns.qry.name,0.05776829,21
5,Class_Balanced,dns.qry.name.len,0.0,31
5,Class_Balanced,dns.qry.qu,0.0,31
5,Class_Balanced,dns.retransmission,0.0,31
5,Class_Balanced,dns.retransmit_request,0.0,31
5,Class_Balanced,http.content_length,0.07190688,19
5,Class_Balanced,http.referer,0.72888154,4
5,Class_Balanced,http.request.method,0.39211082,8
5,Class_Balanced,http.request.version,0.30142498,10
5,Class_Balanced,http.response,0.0014216374,30
5,Class_Balanced,icmp.checksum,0.27932015,12
5,Class_Balanced,icmp.seq_le,0.35663393,9
5,Class_Balanced,icmp.transmit_timestamp,0.01599572,26
5,Class_Balanced,mqtt.conack.flags,0.4028307,7
5,Class_Balanced,mqtt.conflag.cleansess,0.0,31
5,Class_Balanced,mqtt.conflags,0.0,31
5,Class_Balanced,mqtt.hdrflags,0.0,31
5,Class_Balanced,mqtt.len,0.0,31
5,Class_Balanced,mqtt.msgtype,0.0,31
5,Class_Balanced,mqtt.proto_len,0.0,31
5,Class_Balanced,mqtt.protoname,0.102903254,18
5,Class_Balanced,mqtt.topic,0.02168463,25
5,Class_Balanced,mqtt.topic_len,0.0,31
5,Class_Balanced,mqtt.ver,0.0,31
5,Class_Balanced,tcp.ack,0.8764786,3
5,Class_Balanced,tcp.ack_raw,0.17753682,13
5,Class_Balanced,tcp.checksum,0.11093293,17
5,Class_Balanced,tcp.connection.fin,0.025780099,23
5,Class_Balanced,tcp.connection.rst,0.11629438,16
5,Class_Balanced,tcp.connection.syn,0.12619619,15
5,Class_Balanced,tcp.connection.synack,0.013868528,27
5,Class_Balanced,tcp.dstport,0.9364697,1
5,Class_Balanced,tcp.flags,0.1442241,14
5,Class_Balanced,tcp.flags.ack,0.006625765,28
5,Class_Balanced,tcp.len,0.6909771,5
5,Class_Balanced,tcp.seq,0.2902998,11
5,Class_Balanced,tcp.srcport,0.9178277,2
5,Class_Balanced,udp.port,0.03842348,22
5,Class_Balanced,udp.stream,0.42636594,6
5,Class_Balanced,udp.time_delta,0.06800001,20
5,Minority_Diagnostic,arp.hw.size,0.008928341,19
5,Minority_Diagnostic,arp.opcode,0.038484402,11
5,Minority_Diagnostic,dns.qry.name,0.0017719992,23
5,Minority_Diagnostic,dns.qry.name.len,0.0,25
5,Minority_Diagnostic,dns.qry.qu,0.0,25
5,Minority_Diagnostic,dns.retransmission,0.0,25
5,Minority_Diagnostic,dns.retransmit_request,0.0,25
5,Minority_Diagnostic,http.content_length,0.0,25
5,Minority_Diagnostic,http.referer,0.008106651,20
5,Minority_Diagnostic,http.request.method,0.24988788,9
5,Minority_Diagnostic,http.request.version,0.34741974,7
5,Minority_Diagnostic,http.response,0.0,25
5,Minority_Diagnostic,icmp.checksum,0.5556656,4
5,Minority_Diagnostic,icmp.seq_le,0.444132,6
5,Minority_Diagnostic,icmp.transmit_timestamp,0.11957594,10
5,Minority_Diagnostic,mqtt.conack.flags,0.0026064669,22
5,Minority_Diagnostic,mqtt.conflag.cleansess,0.0,25
5,Minority_Diagnostic,mqtt.conflags,0.0,25
5,Minority_Diagnostic,mqtt.hdrflags,0.0,25
5,Minority_Diagnostic,mqtt.len,0.0,25
5,Minority_Diagnostic,mqtt.msgtype,0.0,25
5,Minority_Diagnostic,mqtt.proto_len,0.0,25
5,Minority_Diagnostic,mqtt.protoname,9.034041e-06,24
5,Minority_Diagnostic,mqtt.topic,0.0,25
5,Minority_Diagnostic,mqtt.topic_len,0.0,25
5,Minority_Diagnostic,mqtt.ver,0.0,25
5,Minority_Diagnostic,tcp.ack,0.021360386,14
5,Minority_Diagnostic,tcp.ack_raw,0.020096857,15
5,Minority_Diagnostic,tcp.checksum,0.018295072,16
5,Minority_Diagnostic,tcp.connection.fin,0.0,25
5,Minority_Diagnostic,tcp.connection.rst,0.013290633,18
5,Minority_Diagnostic,tcp.connection.syn,0.02208797,13
5,Minority_Diagnostic,tcp.connection.synack,0.0,25
5,Minority_Diagnostic,tcp.dstport,0.7193703,3
5,Minority_Diagnostic,tcp.flags,0.0291814,12
5,Minority_Diagnostic,tcp.flags.ack,0.0,25
5,Minority_Diagnostic,tcp.len,3.6372004,1
5,Minority_Diagnostic,tcp.seq,0.0037411742,21
5,Minority_Diagnostic,tcp.srcport,1.4733423,2
5,Minority_Diagnostic,udp.port,0.28794673,8
5,Minority_Diagnostic,udp.stream,0.016337445,17
5,Minority_Diagnostic,udp.time_delta,0.509864,5
